sim_time_ns,gyro_x,gyro_y,gyro_z,accel_x,accel_y,accel_z
171703827000,0.0010583092225715518,-2.082251012325287e-05,-2.5172673758788733e-06,0.0010367119684815407,0.012041479349136353,-9.80999755859375
171710744000,-0.001057664048857987,2.0490260794758797e-05,2.0174106794002e-06,-0.0012670177966356277,-0.012139055877923965,-9.810001373291016
171717611000,0.001058383728377521,-2.081948332488537e-05,-2.5128949801001e-06,0.001036977395415306,0.012041528709232807,-9.8100004196167
171731509000,0.0010540599469095469,-2.075370866805315e-05,-2.5165545594063587e-06,0.0010341154411435127,0.012016339227557182,-9.809918403625488
171738529000,-0.0010576394852250814,2.025277353823185e-05,2.01295279111946e-06,-0.0012630205601453781,-0.012114672921597958,-9.810081481933594
171745452000,0.001058359513990581,-2.082053106278181e-05,-2.5131780603260268e-06,0.0010347748175263405,0.012041336856782436,-9.8100004196167
171752359000,-0.001057603396475315,2.0373379811644554e-05,2.029532652159105e-06,-0.00126549880951643,-0.01213944610208273,-9.810001373291016
171759345000,0.0010584385599941015,-2.0936597138643265e-05,-2.5135425403277623e-06,0.0010359454900026321,0.012041605077683926,-9.810003280639648
171766230000,-0.001057579182088375,2.037431113421917e-05,2.030003088293597e-06,-0.0012660324573516846,-0.012139695696532726,-9.809999465942383
171780121000,-0.0010575465857982635,2.0256382413208485e-05,2.022146645686007e-06,-0.001265810802578926,-0.01213823538273573,-9.8100004196167
171787120000,0.001058366964571178,-2.0820065401494503e-05,-2.5085487322940025e-06,0.0010348055511713028,0.01204071007668972,-9.8100004196167
171794042000,-0.0010576116619631648,2.0253821276128292e-05,2.0301206404838013e-06,-0.001265617087483406,-0.012139222584664822,-9.8100004196167
171800940000,0.0010583259863778949,-2.0821811631321907e-05,-2.503235918993596e-06,0.0010364353656768799,0.012041382491588593,-9.809999465942383
171814887000,0.0010583706898614764,-2.0819948986172676e-05,-2.518404016882414e-06,0.0010352376848459244,0.012041287496685982,-9.80999755859375
171821880000,-0.001057639834471047,2.0491192117333412e-05,2.022140961344121e-06,-0.0012659216299653053,-0.012139447033405304,-9.810001373291016
171828742000,0.0010584115516394377,-2.0818435586988926e-05,-2.519421286706347e-06,0.0010364251211285591,0.01204186026006937,-9.810001373291016
171835656000,-0.0010576406493782997,2.037198282778263e-05,2.0192762804072117e-06,-0.0012665456160902977,-0.012139513157308102,-9.809999465942383
171849619000,-0.001057659974321723,2.0251842215657234e-05,2.013959374380647e-06,-0.0012660026550292969,-0.012139149941504002,-9.810001373291016
171856630000,0.0010583027033135295,-2.0941952243447304e-05,-2.5258168534492142e-06,0.001035815104842186,0.012041416950523853,-9.810001373291016
171863477000,-0.001057586632668972,2.0374078303575516e-05,2.013076937146252e-06,-0.0012656133621931076,-0.01213907916098833,-9.8100004196167
171870443000,0.001058434834703803,-2.0936713553965092e-05,-2.518079782021232e-06,0.001035783439874649,0.012041321024298668,-9.810001373291016
171877463000,-0.0010575799969956279,2.025510184466839e-05,2.020817419179366e-06,-0.0012655463069677353,-0.0121395792812109,-9.809999465942383
171891285000,-0.0010576116619631648,2.0253821276128292e-05,2.0286026938265422e-06,-0.0012661386281251907,-0.012139123864471912,-9.809999465942383
171898170000,0.001058359513990581,-2.082053106278181e-05,-2.4961593680927763e-06,0.0010351566597819328,0.01203803438693285,-9.80999755859375
171905237000,-0.0010572795290499926,2.0386301912367344e-05,2.0326799585745903e-06,-0.0012657176703214645,-0.012136994861066341,-9.809999465942383
171912072000,0.0010583167895674706,-2.0822160877287388e-05,-2.5055887817870826e-06,0.0010361745953559875,0.012039153836667538,-9.810001373291016
171926022000,0.0010583818657323718,-2.0819599740207195e-05,-2.5171439119731076e-06,0.0010356632992625237,0.012041055597364902,-9.8100004196167
171932964000,-0.0010575737105682492,2.0374543964862823e-05,2.040267872871482e-06,-0.001266232691705227,-0.012139161117374897,-9.809999465942383
171939999000,0.0010583818657323718,-2.0819599740207195e-05,-2.5079793886106927e-06,0.0010356726124882698,0.012041158974170685,-9.809999465942383
171946820000,-0.0010575661435723305,2.0374893210828304e-05,2.0348793441371527e-06,-0.0012651514261960983,-0.012139145284891129,-9.810003280639648
171960727000,-0.0010576361091807485,2.0491424947977066e-05,2.085657797579188e-06,-0.0012681148946285248,-0.012141015380620956,-9.810003280639648
171967638000,0.0010581901296973228,-2.0827166736125946e-05,-2.4272546852444066e-06,0.0010378286242485046,0.012038899585604668,-9.810002326965332
171974675000,-0.0008531129569746554,-2.275622682645917e-05,-8.251029612438288e-06,-0.00115171167999506,-0.010571123100817204,-9.80728816986084
171981528000,-0.00029179640114307404,-0.027274630963802338,0.00011766822717618197,0.1587103307247162,-0.0006642788648605347,-9.277396202087402
171995459000,0.0007617920637130737,-0.172328382730484,0.00021467918122652918,0.4282114505767822,-0.007810682058334351,-8.315834999084473
172002367000,0.0007009208202362061,-0.24819323420524597,0.00014357856707647443,0.46797364950180054,-0.00039061903953552246,-8.42750072479248
172009424000,0.001645117998123169,-0.3044579327106476,0.00029530248139053583,0.35154932737350464,0.0033972859382629395,-8.693989753723145
172016275000,0.0007651448249816895,-0.3423359990119934,-0.00036985077895224094,0.31449654698371887,0.0027954578399658203,-9.16253662109375
172030134000,0.0016163885593414307,-0.3381595015525818,-0.0008801321964710951,0.026916656643152237,0.00804661214351654,-10.089105606079102
172037157000,0.00023666024208068848,-0.30330345034599304,-0.0013037386815994978,-0.02962929755449295,-0.0010817423462867737,-10.548308372497559
172044048000,0.001141577959060669,-0.24320894479751587,-0.001580813666805625,-0.14942428469657898,0.011520028114318848,-10.85456657409668
172050951000,-0.001292988657951355,-0.17270563542842865,-0.001341249793767929,-0.20137327909469604,-0.01671770215034485,-11.12446403503418
172058000000,-0.0006684288382530212,-0.09345611929893494,-0.0005647377111017704,-0.26262161135673523,-0.007199674844741821,-11.266610145568848
172071872000,0.0007348880171775818,0.07156006991863251,0.0007627406157553196,-0.2865527868270874,-0.0008301138877868652,-11.31091022491455
172078823000,-0.001156046986579895,0.14671561121940613,0.0008138902485370636,-0.21730829775333405,-0.008108973503112793,-11.256279945373535
172085695000,-6.058812141418457e-05,0.2175537794828415,0.001454089186154306,-0.23894736170768738,-0.004585683345794678,-11.095105171203613
172092767000,-0.0003584921360015869,0.2764853537082672,0.0008200730662792921,-0.16086119413375854,0.014063090085983276,-10.964289665222168
172106616000,-5.8978796005249023e-05,0.369732141494751,0.0013784709153696895,-0.12388201802968979,0.009423360228538513,-10.587191581726074
172113542000,-0.00042575597763061523,0.4005054831504822,0.0007090311264619231,-0.09371988475322723,0.007541880011558533,-10.416115760803223
172120480000,0.0006618201732635498,0.4241800010204315,0.0010979203507304192,-0.14072918891906738,-0.002685546875,-10.21955394744873
172127436000,0.0007912814617156982,0.3699612617492676,0.0013132985914126039,0.3034210205078125,-0.012818992137908936,-8.779541015625
172134364000,-0.002082355320453644,0.06992778182029724,0.0010264627635478973,1.7506117820739746,-0.022050976753234863,-4.254011631011963
172148223000,0.0044374181888997555,0.0017547437455505133,0.00032343590282835066,-0.026325328275561333,-0.026216566562652588,-9.596639633178711
172155235000,-0.0002979119890369475,0.000212030834518373,9.235370816895738e-05,0.03647047281265259,-0.027936913073062897,-9.76392650604248
172162107000,-1.1312762580928393e-05,-8.087493370112497e-06,-6.15896340150357e-07,0.0008288044482469559,0.004690662492066622,-9.809244155883789
172169054000,-1.805937358767551e-06,-4.300718501326628e-07,2.8856032940893783e-07,-0.0001954287727130577,0.00010159112571272999,-9.809989929199219
172176036000,-1.6851747659529792e-06,-1.866379761850112e-07,3.8423991099989507e-07,9.576907359587494e-06,2.0245932319085114e-05,-9.810001373291016
172189936000,-1.2413942158673308e-06,-4.9601567297941074e-08,2.5793767122195277e-07,1.693723606877029e-05,2.456091169733554e-05,-9.80999755859375
172196831000,-1.0840196864592144e-06,-1.62617880050675e-07,2.129722673771539e-07,1.6658268577884883e-05,2.3533488274551928e-05,-9.809999465942383
172203803000,-9.369879876430787e-07,-1.5674299902457278e-07,1.7496293480689928e-07,1.686152972979471e-05,2.3268305085366592e-05,-9.8100004196167
172210837000,-7.694836199334532e-07,-1.5005014120106352e-07,1.5195668368050974e-07,1.6715333913452923e-05,2.2972712031332776e-05,-9.8100004196167
172224888000,-5.759228542956407e-07,-1.4231619616111857e-07,1.0678425610421982e-07,1.7262813344132155e-05,2.1942447347100824e-05,-9.809999465942383
172231617000,-4.7117930535023334e-07,-1.977832368993404e-07,7.95013050947091e-08,1.7590373317943886e-05,2.2295953385764733e-05,-9.809999465942383
172238620000,-4.456415467757324e-07,-1.371105895486835e-07,6.608643587924234e-08,1.6881687770364806e-05,2.1648233087034896e-05,-9.8100004196167
172245558000,-3.581670284802385e-07,-1.33615458253189e-07,6.211391934130006e-08,1.773664371285122e-05,2.1805044525535777e-05,-9.8100004196167
172252431000,-3.395554131202516e-07,-1.3287179001508775e-07,5.3537423383431815e-08,1.7209811630891636e-05,2.145583312085364e-05,-9.809999465942383
172266327000,-2.7493325660543633e-07,-7.063746920721314e-08,2.6198263114451947e-08,1.732106647978071e-05,2.14617120946059e-05,-9.809999465942383
172273369000,-2.3677944227529224e-07,-6.911298555678513e-08,1.4720511032351169e-08,1.7317763195023872e-05,2.141221921192482e-05,-9.809999465942383
172280218000,-1.8373637544755184e-07,-6.699357868455991e-08,8.454645872291167e-09,1.752134267007932e-05,2.1363732230383903e-05,-9.810001373291016
172287227000,-2.3346919419964252e-07,-1.2863290521636372e-07,1.3861827241612446e-08,1.7854064935818315e-05,2.075808879453689e-05,-9.810001373291016
172301044000,-1.6750441034218966e-07,-6.692786769235681e-09,5.071711051130023e-09,1.771639108483214e-05,2.0983290596632287e-05,-9.810001373291016
172308101000,-1.5116603435672005e-07,-6.569217703145114e-08,-4.937147579653356e-09,1.7256194041692652e-05,2.1155459762667306e-05,-9.8100004196167
172314945000,-2.0379704324113845e-07,-8.142919227793755e-09,-2.594942705158587e-09,1.7257334548048675e-05,2.0674098777817562e-05,-9.809999465942383
172321954000,-1.939727098942967e-07,-6.74025528724087e-08,-7.3648966925077275e-09,1.765924389474094e-05,2.1053552700323053e-05,-9.8100004196167
172328849000,-8.189102373989954e-08,-3.2720137710384734e-09,-1.0029720165505296e-08,1.7523279893794097e-05,2.1548188669839874e-05,-9.8100004196167
172342773000,-1.450640638722689e-07,-1.2510058411407954e-07,1.130402327298441e-09,1.7855572878033854e-05,2.098946424666792e-05,-9.810002326965332
172349678000,-8.933565709412505e-08,-3.5694611710823665e-09,-1.3621157535226303e-08,1.7299460523645394e-05,2.1329844457795843e-05,-9.809999465942383
172356702000,-1.0236378500394494e-07,-4.090018990154931e-09,-1.6265879310140008e-08,1.708584932202939e-05,2.0914914784952998e-05,-9.809999465942383
172363616000,-6.648325268088229e-08,-6.230859384004361e-08,-5.992912388563809e-09,1.7688420484773815e-05,2.0976216546841897e-05,-9.809999465942383
172377504000,-5.304305261688569e-08,-2.1193748978021176e-09,-6.195236323947029e-09,1.798684570530895e-05,2.134684291377198e-05,-9.8100004196167
172384445000,-1.3865640369203902e-07,-5.5401301324309316e-09,-1.182028075419339e-08,1.7586506146471947e-05,2.0466679416131228e-05,-9.810001373291016
172391408000,-1.0608610523377138e-07,-4.238749795604235e-09,-1.1292939916529576e-08,1.743821303534787e-05,2.1098845536471345e-05,-9.810001373291016
172398288000,-1.2459128129194141e-07,-1.2428256468410837e-07,-2.9707836191050774e-09,1.7870825104182586e-05,2.0734147256007418e-05,-9.809999465942383
172405299000,-1.628514780804835e-07,-6.506851946141978e-09,-1.799386240008971e-08,1.7087313608499244e-05,2.083840809063986e-05,-9.810001373291016
172419170000,-1.349340976730673e-07,-5.3914135378363426e-09,-4.574897793929722e-09,1.6948384654824622e-05,2.0830055291298777e-05,-9.809998512268066
172426194000,-9.998413474932022e-08,-6.364716398366e-08,-6.341766223272316e-09,1.7882714018924162e-05,2.1055595425423235e-05,-9.810001373291016
172433113000,-8.137251938933332e-08,-6.290350285098611e-08,-1.2721041109386988e-08,1.7535749066155404e-05,2.1055129764135927e-05,-9.8100004196167
172440115000,-1.1632247520765304e-07,-4.6477452997351065e-09,-1.683712547162486e-08,1.7442427633795887e-05,2.079556907119695e-05,-9.809999465942383
172446979000,-1.1022052603948396e-07,-6.405617369864558e-08,1.0838977493321522e-09,1.7641661543166265e-05,2.073323594231624e-05,-9.810001373291016
172460873000,-1.3627673922655958e-07,-6.50972395987992e-08,-1.4762732369888454e-08,1.72798681887798e-05,2.095745730912313e-05,-9.810001373291016
172467754000,-1.0504911074349366e-07,-1.2350173506092688e-07,-1.0884942724942448e-08,1.758264988893643e-05,2.099968151014764e-05,-9.809999465942383
172474761000,-9.212741503006328e-08,-3.68102348602406e-09,-5.10880404647196e-09,1.713347592158243e-05,2.094545925501734e-05,-9.810001373291016
172481631000,-1.0370644076829194e-07,-6.379588057825458e-08,-5.542781789102946e-09,1.766311288520228e-05,2.0844414393650368e-05,-9.809999465942383
172488604000,-9.481273366418463e-08,-1.2309273245136865e-07,-3.9462744183538234e-09,1.8080469089909457e-05,2.087275242956821e-05,-9.810001373291016
172502492000,-1.107390090737681e-07,-4.4246633024158655e-09,-1.274609395807147e-08,1.7733531421981752e-05,2.1132716938154772e-05,-9.809999465942383
172509463000,-1.6419414805568522e-07,-6.621270642881427e-08,-9.449857785170934e-09,1.742857239150908e-05,2.0550531189655885e-05,-9.810001373291016
172516403000,-8.747450408463919e-08,-3.4951099792124296e-09,-8.366150439087505e-09,1.684153721726034e-05,2.1286323317326605e-05,-9.809999465942383
172523369000,-1.1673455446725711e-07,-6.431642418647243e-08,-1.228875667891316e-08,1.8241915313410573e-05,2.0757666788995266e-05,-9.810001373291016
172530239000,-9.491913743886471e-08,-3.792550273828965e-09,-1.3487074568274693e-08,1.7139900592155755e-05,2.1010786440456286e-05,-9.809999465942383
172544159000,-1.1022052603948396e-07,-6.405617369864558e-08,2.857025171998373e-10,1.7128968465840444e-05,2.0893363398499787e-05,-9.809999465942383
172551067000,-1.241792091377647e-07,-6.461388579737104e-08,-5.845454786879145e-09,1.797505683498457e-05,2.0869974832748994e-05,-9.809999465942383
172558059000,-6.793232643076408e-08,-2.7142803560309403e-09,-6.9591257201295775e-09,1.634215186641086e-05,2.1283680325723253e-05,-9.809999465942383
172564992000,-1.199383916627994e-07,-1.240966582827241e-07,-1.6668900981731127e-10,1.8392360288999043e-05,2.0505251086433418e-05,-9.810001373291016
172571970000,-1.093963533094211e-07,5.528119118025643e-08,-1.0046810494657166e-08,1.7276421203860082e-05,2.112127185682766e-05,-9.809999465942383
172585797000,-1.3586465286152816e-07,-5.428560712061881e-09,-1.712012753785075e-08,1.7790289348340593e-05,2.1010560885770246e-05,-9.809999465942383
172592795000,-1.385500070227863e-07,-1.2484032652082533e-07,6.12038597580522e-09,1.8099699445883743e-05,2.067034802166745e-05,-9.810001373291016
172599736000,-9.946560908247193e-08,-1.232786246418982e-07,-1.096644552944781e-08,1.731163138174452e-05,2.128007690771483e-05,-9.809999465942383
172606693000,-7.951138059070217e-08,-6.282915165911618e-08,-4.082315374631662e-09,1.7301721527474e-05,2.0930789105477743e-05,-9.810001373291016
172620514000,-1.185957358984524e-07,-6.43908038000518e-08,-6.258582541107671e-09,1.7471189494244754e-05,2.1215295419096947e-05,-9.8100004196167
172627521000,-9.812296752897964e-08,-6.357278437008063e-08,-8.316048294432221e-09,1.7568201656104065e-05,2.106288229697384e-05,-9.809999465942383
172634400000,-1.120816648381151e-07,-6.413051778508816e-08,-3.988243957309123e-09,1.7335416487185284e-05,2.0727706214529462e-05,-9.809999465942383
172641481000,-1.0608611233919873e-07,-4.238756901031593e-09,-2.871018756067656e-09,1.7524149370728992e-05,2.0945728465449065e-05,-9.810001373291016
172655309000,-1.1435489000177768e-07,-1.2387354786369542e-07,-1.0083923029924335e-08,1.7502557966508903e-05,2.0873392713838257e-05,-9.810001373291016
172662193000,-1.0742877520897309e-07,-6.394461848913124e-08,-6.890773729395505e-09,1.7688924344838597e-05,2.0952909835614264e-05,-9.8100004196167
172669164000,-9.998413474932022e-08,-6.364716398366e-08,-6.2560463476302175e-09,1.7573931472725235e-05,2.0957715605618432e-05,-9.8100004196167
172676136000,-1.3028117962221586e-07,-5.2054787147426396e-09,-1.349487188662124e-08,1.7254817066714168e-05,2.0720346583402716e-05,-9.810001373291016
172683016000,-1.0236377079309023e-07,-4.090004779300216e-09,-1.8369597398759652e-08,1.7543286958243698e-05,2.1102154278196394e-05,-9.8100004196167
172696905000,-1.2748945721341443e-07,-5.093951926937734e-09,-6.384778039603134e-09,1.8067046767100692e-05,2.0744149878737517e-05,-9.8100004196167
172703876000,-1.0370641945200987e-07,-6.379585215654515e-08,-2.0029668590382244e-08,1.7615533579373732e-05,2.1169582396396436e-05,-9.810001373291016
172710831000,-1.1404924293856311e-07,5.5095284778872156e-08,-1.3870449677710894e-08,1.729441646602936e-05,2.0784660591743886e-05,-9.809999465942383
172717773000,-5.1593957550721825e-08,-6.171366351281904e-08,-1.35112223631495e-08,1.800825702957809e-05,2.1202591597102582e-05,-9.810001373291016
172724769000,-9.212740081920856e-08,-3.6810163805967022e-09,-9.822033852913137e-09,1.7371576177538373e-05,2.0708988813566975e-05,-9.809999465942383
172738681000,-1.0195170574434087e-07,5.5578652791155037e-08,-1.3207631432976541e-08,1.7224032490048558e-05,2.1123449187143706e-05,-9.809999465942383
172745538000,-1.0184527354795136e-07,-6.372149385924786e-08,-1.2830559725784951e-08,1.8078068023896776e-05,2.091590613417793e-05,-9.809999465942383
172752461000,-1.4506400702885003e-07,-1.2510052727066068e-07,-2.3660803094571747e-08,1.774595511960797e-05,2.080651574942749e-05,-9.810001373291016
172759482000,-1.5819857424048678e-07,-6.320945544757706e-09,-1.3791533248763699e-08,1.7306821973761544e-05,2.0709461750811897e-05,-9.8100004196167
172766349000,-9.02662478097227e-08,-3.6066580832994077e-09,-1.2170800367528045e-08,1.71710616996279e-05,2.1239236957626417e-05,-9.809999465942383
172780249000,-5.4904187862803155e-08,-2.1937083261036605e-09,-2.1611970879575892e-08,1.7787138858693652e-05,2.1428657419164665e-05,-9.809999465942383
172787180000,-9.957204838428879e-08,-3.9784779914953106e-09,-9.705404480087054e-09,1.7583248336450197e-05,2.058795689663384e-05,-9.810001373291016
172794223000,-1.205632997880457e-07,5.4835027185617946e-08,-1.984174957669893e-08,1.7458478396292776e-05,2.0837527699768543e-05,-9.809999465942383
172801109000,-1.1435489000177768e-07,-1.2387354786369542e-07,-1.2688488482126559e-08,1.7872924217954278e-05,2.0945006326655857e-05,-9.810002326965332
172815015000,-1.2469769217204885e-07,-4.982382506568683e-09,-1.539888927482025e-08,1.7535861843498424e-05,2.0553668946377002e-05,-9.8100004196167
172822020000,-6.88628887246523e-08,-2.751448846538551e-09,-1.787067738234782e-08,1.7821337678469718e-05,2.123334343195893e-05,-9.809999465942383
172828878000,-1.1725305881782333e-07,-4.684920895670075e-09,-1.3602849513461024e-08,1.7188080164487474e-05,2.0643683456000872e-05,-9.8100004196167
172835796000,-6.183033463003085e-08,-6.212267322780463e-08,-1.3370156537462208e-08,1.769339905877132e-05,2.115233291988261e-05,-9.809999465942383
172842838000,-8.654392757989626e-08,-3.4579272778501036e-09,-9.381372123584697e-09,1.7480188034824096e-05,2.0742614651680924e-05,-9.810001373291016
172856741000,-1.1580398506794154e-07,-6.427924859053746e-08,-1.0081524948191145e-08,1.8107857613358647e-05,2.0854684407822788e-05,-9.810002326965332
172863580000,-7.392786471882573e-08,-6.260602702923279e-08,-1.891013923227547e-08,1.7646210835664533e-05,2.112358015438076e-05,-9.8100004196167
172870511000,-8.334009038435397e-08,5.6322313923828915e-08,-1.9785519000947716e-08,1.6784979379735887e-05,2.090884663630277e-05,-9.809999465942383
172877505000,-1.3679523647169844e-07,-5.465750518851564e-09,-1.5506799400100135e-08,1.8389082470093854e-05,2.0607469195965677e-05,-9.8100004196167
172884406000,-7.206671170933987e-08,-6.253166162650814e-08,-1.7537365337716437e-08,1.7388834748999216e-05,2.1206300516496412e-05,-9.810001373291016
172898304000,-1.3772582008186873e-07,-5.502940325641248e-09,-1.5351391269291526e-08,1.7719512470648624e-05,2.053726711892523e-05,-9.810001373291016
172905301000,-7.258523737618816e-08,-2.900200968269928e-09,-5.806691127929753e-09,1.7374686649418436e-05,2.1155346985324286e-05,-9.809999465942383
172912220000,-1.3121176323238615e-07,-5.242668521532323e-09,-1.3392328135353182e-08,1.781124410626944e-05,2.070921254926361e-05,-9.8100004196167
172919185000,-7.723811989990281e-08,-3.086100264226843e-09,-1.2826407491672853e-08,1.7570750060258433e-05,2.1179384930292144e-05,-9.8100004196167
172933059000,-1.0422493090800344e-07,-4.164370182024868e-09,-1.49203422949995e-08,1.7352022041450255e-05,2.091268470394425e-05,-9.809999465942383
172940041000,-9.440063308829849e-08,-6.342403935377661e-08,-1.5133045039306126e-08,1.7984155419981107e-05,2.0913143089273944e-05,-9.810001373291016
172946916000,-1.0928991400760424e-07,-6.401896257557382e-08,-1.7699210985711034e-08,1.7549989934195764e-05,2.0899457013001665e-05,-9.8100004196167
172953847000,-1.2045687469708355e-07,-6.446515499192174e-08,-1.3030683199133364e-08,1.775155760697089e-05,2.0785702872672118e-05,-9.8100004196167
172960865000,-7.351579256464902e-08,-2.9373623533501814e-09,-1.4530679770530242e-08,1.697292464086786e-05,2.1173738787183538e-05,-9.809999465942383
172974743000,-1.0701666752765959e-07,-4.2759111806844885e-09,-1.9669956330403693e-08,1.7491345715825446e-05,2.114172457368113e-05,-9.809999465942383
172981636000,-8.230310299950361e-08,-6.29406926577758e-08,-4.536499620400036e-09,1.7070477042580023e-05,2.0795612726942636e-05,-9.810001373291016
172988850000,-1.1073902328462282e-07,-4.424677513270581e-09,-6.669759411437326e-09,1.7695929273031652e-05,2.0760358893312514e-05,-9.8100004196167
172995542000,-8.55069401950459e-08,-1.2272093385945482e-07,2.1754573836796354e-11,1.79975922947051e-05,2.1009360352763906e-05,-9.809999465942383
173002464000,-1.051555358344558e-07,-4.201574199669267e-09,-7.159170589687847e-09,1.734977740852628e-05,2.0804527594009414e-05,-9.810001373291016
173016461000,-1.0091471835949051e-07,-6.36843324741676e-08,-4.862702240870931e-09,1.6982565284706652e-05,2.097573087667115e-05,-9.809999465942383
173023439000,-1.1487341566862597e-07,-6.424208720545721e-08,1.1677899758311128e-09,1.804054045351222e-05,2.0798093828489073e-05,-9.8100004196167
173030369000,-6.048770018196592e-08,-2.4168400614144048e-09,-2.582509983639625e-09,1.7047295841621235e-05,2.1211530111031607e-05,-9.8100004196167
173037282000,-8.736807899367705e-08,-1.2279527084047004e-07,-5.110868617208553e-09,1.801543476176448e-05,2.0803270672331564e-05,-9.8100004196167
173044219000,-7.351582098635845e-08,-2.9373907750596118e-09,-8.677956686575783e-10,1.692242040007841e-05,2.08561268664198e-05,-9.8100004196167
173058196000,-7.951138059070217e-08,-6.282915165911618e-08,-3.1125668709108822e-09,1.774908923835028e-05,2.1126095816725865e-05,-9.8100004196167
173065007000,-1.172530801341054e-07,-4.684949317379505e-09,-7.642134924878974e-09,1.7410678992746398e-05,2.076878081425093e-05,-9.810001373291016
173072049000,-1.1911424735444598e-07,-4.759328930958873e-09,-1.7305368249509456e-09,1.7722108168527484e-05,2.078349825751502e-05,-9.809999465942383
173078897000,-1.6326357865636965e-07,-6.617554504373402e-08,-1.2015343164861747e-09,1.7398308045812882e-05,2.0668030629167333e-05,-9.810001373291016
173085842000,-7.351582098635845e-08,-2.9373907750596118e-09,-2.2894495188552355e-09,1.7361031495966017e-05,2.1408875909401104e-05,-9.809999465942383
173099732000,-1.051555358344558e-07,-4.201574199669267e-09,-7.343684327310029e-09,1.7345495507470332e-05,2.0982704882044345e-05,-9.809999465942383
173106867000,-7.961779857623696e-08,5.647100920214143e-08,-5.638434164012551e-09,1.722952220006846e-05,2.1012207071180455e-05,-9.810001373291016
173113710000,-9.10904134343582e-08,-1.2294401585677406e-07,6.98336458104798e-11,1.8091825040755793e-05,2.0788744222954847e-05,-9.8100004196167
173120635000,-9.202099704452849e-08,-1.2298119145270903e-07,1.3631333839470017e-09,1.7745020159054548e-05,2.0888253857265227e-05,-9.810001373291016
173127627000,-8.881718827069562e-08,-6.32009857781668e-08,-4.408299836278218e-10,1.69798713614e-05,2.0931360268150456e-05,-9.8100004196167
173141461000,-9.864147898497322e-08,-3.941302395560342e-09,-7.030237725302868e-09,1.663398688833695e-05,2.095323179673869e-05,-9.8100004196167
173148381000,-8.97477576700112e-08,-6.323815426867441e-08,-6.444448308329243e-10,1.7908067093230784e-05,2.091054557240568e-05,-9.809999465942383
173155401000,-6.793233353619144e-08,-2.714287461458298e-09,-5.848064255076224e-09,1.714788595563732e-05,2.102952748828102e-05,-9.8100004196167
173162347000,-1.4423990535306075e-07,-5.763240551459603e-09,-2.815952138135458e-09,1.7588507034815848e-05,2.0481329556787387e-05,-9.810001373291016
173169179000,-7.392790735138988e-08,-6.260606966179694e-08,1.8481687291682647e-09,1.7856440535979345e-05,2.1185909645282663e-05,-9.8100004196167
173183065000,-9.812295331812493e-08,-6.357277726465327e-08,-1.2989032072141526e-08,1.740347761369776e-05,2.1034602468716912e-05,-9.8100004196167
173190080000,-8.37521767493854e-08,-3.3463649629084102e-09,-1.4050258734243926e-08,1.696435356279835e-05,2.092706927214749e-05,-9.809999465942383
173196946000,-0.0027060210704803467,-0.25484615564346313,0.0011088578030467033,1.4704087972640991,-0.04742777347564697,-5.004464149475098
173203907000,0.0042874813079833984,-0.7694889307022095,-0.00045395269989967346,0.452789306640625,0.1648331582546234,-0.3212447464466095
173217777000,0.025978803634643555,-1.0869786739349365,-0.001667642965912819,-0.05565720051527023,-0.0013302527368068695,7.370935440063477
173224772000,0.028686046600341797,-0.9815030694007874,-0.002885887399315834,-0.06331164389848709,-0.0018492713570594788,9.287426948547363
173231689000,0.026382386684417725,-0.8162122964859009,-0.003580402582883835,-0.0581846758723259,-0.0018810629844665527,10.263815879821777
173238661000,0.022134780883789062,-0.6460261344909668,-0.0038026878610253334,-0.04717692732810974,-0.0016167759895324707,10.51619815826416
173245592000,0.017478585243225098,-0.49990785121917725,-0.0036357948556542397,-0.035684406757354736,-0.0012472569942474365,10.281392097473145
173259520000,0.010003834962844849,-0.31563952565193176,-0.002537826541811228,-0.0195857435464859,-0.000621601939201355,8.948591232299805
173266392000,0.007687777280807495,-0.2731349766254425,-0.0018084854818880558,-0.015236258506774902,-0.0004287809133529663,8.05233383178711
173273379000,0.006265550851821899,-0.25435957312583923,-0.0010759937576949596,-0.01246902346611023,-0.00030678510665893555,7.094104766845703
173280366000,0.0055615901947021484,-0.25137579441070557,-0.0004067635163664818,-0.010587379336357117,-0.00023606419563293457,6.1203837394714355
173287209000,0.005370229482650757,-0.25721144676208496,0.00015324866399168968,-0.00911414623260498,-0.00019162893295288086,5.164712905883789
173301118000,0.005776047706604004,-0.2753133773803711,0.0008575133979320526,-0.006297700107097626,-0.000135861337184906,3.383734941482544
173308161000,0.006087064743041992,-0.2816101610660553,0.0009998204186558723,-0.004822075366973877,-0.00010825693607330322,2.580151319503784
173315025000,0.006348729133605957,-0.28434354066848755,0.0010214662179350853,-0.0033288784325122833,-7.986277341842651e-05,1.8405135869979858
173322008000,0.006518632173538208,-0.2834162414073944,0.0009468924254179001,-0.0019733496010303497,-5.243346095085144e-05,1.1672139167785645
173328925000,0.006582289934158325,-0.27929288148880005,0.0008036792278289795,-0.0006568562239408493,-2.442486584186554e-05,0.5562503337860107
173342823000,0.006428748369216919,-0.26453182101249695,0.0004202369600534439,0.0014656968414783478,2.245977520942688e-05,-0.4853416979312897
173349737000,0.006252467632293701,-0.2554834485054016,0.00022659357637166977,0.002337966114282608,4.158914089202881e-05,-0.9246552586555481
173356713000,0.006040692329406738,-0.24619776010513306,5.483906716108322e-05,0.003024861216545105,5.5886805057525635e-05,-1.3143384456634521
173363630000,0.005813121795654297,-0.23712442815303802,-8.440949022769928e-05,0.0036442242562770844,6.81951642036438e-05,-1.6599153280258179
173370574000,0.005585610866546631,-0.22854341566562653,-0.00018588174134492874,0.00413551926612854,7.802993059158325e-05,-1.9647482633590698
173384449000,0.005166873335838318,-0.21329455077648163,-0.00027515925467014313,0.004955887794494629,9.018927812576294e-05,-2.4698195457458496
173391444000,0.00498393177986145,-0.20660609006881714,-0.00027138926088809967,0.005315907299518585,9.482353925704956e-05,-2.6774933338165283
173398401000,0.0048186928033828735,-0.200437992811203,-0.00024411547929048538,0.0055833011865615845,9.725242853164673e-05,-2.8590736389160156
173405388000,0.004669025540351868,-0.19468781352043152,-0.00020091235637664795,0.005875028669834137,9.995698928833008e-05,-3.018528938293457
173412257000,0.004532217979431152,-0.18925561010837555,-0.00014916062355041504,0.006089136004447937,0.00010195374488830566,-3.157672166824341
173426177000,0.004285216331481934,-0.17902643978595734,-4.463363438844681e-05,0.0065686702728271484,0.00010451674461364746,-3.386653184890747
173433131000,0.004170238971710205,-0.17411983013153076,-9.252689778804779e-07,0.006777435541152954,0.00010322034358978271,-3.480142831802368
173440094000,0.004058420658111572,-0.1693108081817627,3.321561962366104e-05,0.006963089108467102,0.0001039355993270874,-3.5619351863861084
173446972000,0.003948688507080078,-0.16458818316459656,5.695316940546036e-05,0.007141992449760437,0.00010326504707336426,-3.6336581707000732
173453887000,0.003840610384941101,-0.15995067358016968,7.053231820464134e-05,0.007335573434829712,0.00010126829147338867,-3.6968016624450684
173467784000,0.003628849983215332,-0.15095371007919312,7.144035771489143e-05,0.00774228572845459,9.950995445251465e-05,-3.8015637397766113
173474867000,0.0035256892442703247,-0.14660987257957458,6.236275658011436e-05,0.007938608527183533,9.906291961669922e-05,-3.8449950218200684
173481789000,0.0034243911504745483,-0.14237849414348602,4.970002919435501e-05,0.008104801177978516,9.66489315032959e-05,-3.883382558822632
173488711000,0.003325536847114563,-0.13826441764831543,3.536650910973549e-05,0.008364155888557434,9.647011756896973e-05,-3.9181368350982666
173495607000,0.003229185938835144,-0.1342695653438568,2.1027401089668274e-05,0.008526667952537537,9.225308895111084e-05,-3.9486923217773438
173502513000,0.0031354427337646484,-0.1303940862417221,7.865484803915024e-06,0.008791238069534302,9.301304817199707e-05,-3.97676420211792
173516404000,0.0029564276337623596,-0.12299202382564545,-1.1375639587640762e-05,0.009250670671463013,8.934736251831055e-05,-4.024862766265869
173523446000,0.0028709396719932556,-0.11945832520723343,-1.6815029084682465e-05,0.009508922696113586,8.620321750640869e-05,-4.0460124015808105
173530294000,0.0027883052825927734,-0.11603061854839325,-1.9583851099014282e-05,0.009753987193107605,8.45193862915039e-05,-4.0653839111328125
173537342000,0.0027081742882728577,-0.11270445585250854,-2.0001083612442017e-05,0.01007053256034851,8.471310138702393e-05,-4.083754062652588
173544327000,0.0026304349303245544,-0.10947538167238235,-1.8464867025613785e-05,0.010298073291778564,8.043646812438965e-05,-4.100412845611572
173558228000,0.0024819225072860718,-0.10329452902078629,-1.2066680938005447e-05,0.010916516184806824,7.908046245574951e-05,-4.1317315101623535
173565062000,0.0024109184741973877,-0.1003362163901329,-8.114147931337357e-06,0.011230230331420898,7.580220699310303e-05,-4.146210670471191
173572101000,0.0023421049118041992,-0.09746211022138596,-4.3315812945365906e-06,0.01160430908203125,7.557868957519531e-05,-4.160406112670898
173578985000,0.002274945378303528,-0.0946696400642395,-9.899958968162537e-07,0.011881455779075623,7.306039333343506e-05,-4.173550128936768
173585946000,0.002209767699241638,-0.09195674955844879,1.7294660210609436e-06,0.012269318103790283,7.207691669464111e-05,-4.186821937561035
173599838000,0.0020849481225013733,-0.08676064014434814,4.882458597421646e-06,0.012983918190002441,6.939470767974854e-05,-4.212027072906494
173606884000,0.002025194466114044,-0.08427325636148453,5.3872354328632355e-06,0.013358190655708313,6.888806819915771e-05,-4.224328517913818
173613822000,0.0019672513008117676,-0.08185723423957825,5.288515239953995e-06,0.013773471117019653,6.80387020111084e-05,-4.236574172973633
173620746000,0.0019108206033706665,-0.07951053231954575,4.763714969158173e-06,0.01515147089958191,8.997321128845215e-05,-4.253627300262451
173634575000,0.0018028318881988525,-0.07501479983329773,2.9043294489383698e-06,0.01498211920261383,6.51627779006958e-05,-4.272302150726318
173641558000,0.0017511248588562012,-0.072864830493927,1.8612481653690338e-06,0.015431687235832214,6.432831287384033e-05,-4.28423547744751
173648418000,0.0017009302973747253,-0.07077661156654358,8.749775588512421e-07,0.015871286392211914,6.215274333953857e-05,-4.296026229858398
173655438000,0.001652158796787262,-0.06874845921993256,-4.190951585769653e-09,0.01631346344947815,6.122887134552002e-05,-4.307800769805908
173669235000,0.0015588253736495972,-0.06486522406339645,-1.1364463716745377e-06,0.017266780138015747,6.039440631866455e-05,-4.3315582275390625
173676256000,0.001514136791229248,-0.06300672143697739,-1.3883691281080246e-06,0.017792850732803345,6.0752034187316895e-05,-4.343630313873291
173683142000,0.0014706850051879883,-0.06120162084698677,-1.4496035873889923e-06,0.018214881420135498,5.717575550079346e-05,-4.3552398681640625
173690139000,0.0014285556972026825,-0.05944821611046791,-1.3888347893953323e-06,0.018721550703048706,5.692243576049805e-05,-4.367192268371582
173696993000,0.0013876035809516907,-0.057745203375816345,-1.2244563549757004e-06,0.01925995945930481,5.5983662605285645e-05,-4.379354953765869
173710981000,0.0013092607259750366,-0.05448414385318756,-6.975606083869934e-07,0.02032436430454254,5.4717063903808594e-05,-4.403607368469238
173717868000,0.0012718215584754944,-0.05292336270213127,-4.0908344089984894e-07,0.020876392722129822,5.4776668548583984e-05,-4.41590690612793
173724933000,0.0012353546917438507,-0.05140732601284981,-1.7276033759117126e-07,0.021388337016105652,5.46872615814209e-05,-4.427976131439209
173731773000,0.0011999383568763733,-0.04993470758199692,4.423782229423523e-08,0.02198091149330139,5.2809715270996094e-05,-4.440467357635498
173745695000,0.0011323094367980957,-0.04711471498012543,2.8870999813079834e-07,0.02284775674343109,4.64320182800293e-05,-4.464053630828857
173752694000,0.0010998882353305817,-0.04576529189944267,3.5366974771022797e-07,0.023720622062683105,5.137920379638672e-05,-4.477951526641846
173759546000,0.0010684318840503693,-0.04445459321141243,3.8137659430503845e-07,0.024272263050079346,4.965066909790039e-05,-4.490344047546387
173766475000,0.0010378286242485046,-0.043181464076042175,3.734603524208069e-07,0.024924278259277344,5.105137825012207e-05,-4.503292560577393
173780336000,0.0009792223572731018,-0.04074384272098541,2.6775524020195007e-07,0.02612730860710144,5.1140785217285156e-05,-4.5287580490112305
173787328000,0.0009511373937129974,-0.03957727923989296,1.7345882952213287e-07,0.027230501174926758,6.0677528381347656e-05,-4.543781757354736
173794410000,0.0009238384664058685,-0.03844348341226578,1.0058283805847168e-07,0.026944950222969055,3.7342309951782227e-05,-4.5525970458984375
173801323000,0.0008972510695457458,-0.03734290599822998,4.284083843231201e-08,0.028075367212295532,4.9442052841186523e-05,-4.567821502685547
173815118000,0.0008466616272926331,-0.03523508831858635,-3.259629011154175e-08,0.02935931086540222,4.845857620239258e-05,-4.593997478485107
173822195000,0.0008225217461585999,-0.03422629460692406,-3.3527612686157227e-08,0.04212981462478638,0.0003415346145629883,-4.660686492919922
173829100000,0.000798642635345459,-0.03323229029774666,-3.562308847904205e-08,0.01853245496749878,-0.0002459287643432617,-4.5669450759887695
173836017000,0.0007758177816867828,-0.032281629741191864,-2.9569491744041443e-08,0.03142404556274414,4.857778549194336e-05,-4.6342387199401855
173842956000,0.0007535740733146667,-0.031358152627944946,-5.2386894822120667e-08,0.03515699505805969,0.00012221932411193848,-4.660918235778809
173856924000,0.0007111169397830963,-0.0295870378613472,-4.4819898903369904e-08,0.03352212905883789,4.7534704208374023e-05,-4.6747894287109375
173863799000,0.000690750777721405,-0.02874094992876053,-1.5599653124809265e-08,0.03426486253738403,4.7266483306884766e-05,-4.688505172729492
173870799000,0.0006709620356559753,-0.02791900373995304,4.6566128730773926e-09,0.03501707315444946,4.8488378524780273e-05,-4.702361583709717
173877767000,0.0006517078727483749,-0.02712041139602661,1.3271346688270569e-08,0.03575977683067322,4.690885543823242e-05,-4.716213703155518
173884695000,0.0006330106407403946,-0.026344560086727142,4.190951585769653e-09,0.03644585609436035,4.699826240539551e-05,-4.7297821044921875
173898611000,0.0005974024534225464,-0.024858634918928146,-3.876630216836929e-08,0.03800070285797119,4.7534704208374023e-05,-4.757884979248047
173905490000,0.0005803126841783524,-0.024147406220436096,-1.909211277961731e-08,0.038756877183914185,4.83393669128418e-05,-4.771925926208496
173912496000,0.0005636699497699738,-0.023456456139683723,-1.234002411365509e-08,0.03957432508468628,4.819035530090332e-05,-4.786174774169922
173919349000,0.0005475245416164398,-0.022785179316997528,-3.14321368932724e-08,0.040294528007507324,4.607439041137695e-05,-4.800076484680176
173933220000,0.0005167070776224136,-0.021499907597899437,-5.587935447692871e-09,0.04189634323120117,4.673004150390625e-05,-4.828621864318848
173940279000,0.000501830130815506,-0.020884685218334198,1.4319084584712982e-08,0.04274347424507141,4.8667192459106445e-05,-4.843133449554443
173947093000,0.0004874616861343384,-0.020287157967686653,4.109460860490799e-08,0.04354521632194519,4.744529724121094e-05,-4.857441425323486
173954002000,0.00047356635332107544,-0.01970668137073517,5.413312464952469e-08,0.0443497896194458,4.902482032775879e-05,-4.871875286102295
173961006000,0.0004599299281835556,-0.019142916426062584,7.3225237429142e-08,0.04520446062088013,4.982948303222656e-05,-4.88651704788208
173967900000,0.0004469379782676697,-0.018595349043607712,6.82193785905838e-08,0.046032875776290894,5.0067901611328125e-05,-4.900953769683838
173981791000,0.00042169541120529175,-0.017546862363815308,-4.307366907596588e-09,0.047677427530288696,4.839897155761719e-05,-4.930019378662109
173988841000,0.0004095733165740967,-0.017045002430677414,-4.586763679981232e-08,0.04859447479248047,4.887580871582031e-05,-4.944992542266846
173995810000,0.00039785169064998627,-0.016557544469833374,-9.42964106798172e-08,0.04940998554229736,4.965066909790039e-05,-4.9594879150390625
174002701000,0.00038647837936878204,-0.016084011644124985,-1.1129304766654968e-07,0.05032050609588623,5.08427619934082e-05,-4.974458694458008
174009639000,0.0003754030913114548,-0.015623951330780983,-1.046573743224144e-07,0.05121421813964844,5.14984130859375e-05,-4.989358901977539
174023547000,0.000354214571416378,-0.014743270352482796,-6.51925802230835e-08,0.05292192101478577,4.89652156829834e-05,-5.018886566162109
174030413000,0.0003440883010625839,-0.014321655035018921,-1.8801074475049973e-08,0.05383223295211792,5.081295967102051e-05,-5.033916473388672
174037373000,0.0003343569114804268,-0.013912265188992023,3.183959051966667e-08,0.05477774143218994,5.0693750381469727e-05,-5.049079895019531
174044313000,0.00032470468431711197,-0.013514505699276924,5.430774763226509e-08,0.05568757653236389,5.033612251281738e-05,-5.064111709594727
174058224000,0.0003064041957259178,-0.012752844020724297,6.426125764846802e-08,0.05747425556182861,5.179643630981445e-05,-5.0940985679626465
174065115000,0.0002977084368467331,-0.012388410046696663,3.766035661101341e-08,0.058451443910598755,5.3316354751586914e-05,-5.1093926429748535
174072055000,0.0002892445772886276,-0.012034238316118717,4.016328603029251e-08,0.059391409158706665,5.161762237548828e-05,-5.124617099761963
174079082000,0.000280904583632946,-0.01169015932828188,1.2863893061876297e-08,0.06034022569656372,5.3048133850097656e-05,-5.1399126052856445
174092986000,0.0002651745453476906,-0.011031168513000011,-9.313225746154785e-09,0.06217271089553833,5.1647424697875977e-05,-5.170162200927734
174099836000,0.0002576485276222229,-0.010715825483202934,-3.457535058259964e-08,0.06318804621696472,5.480647087097168e-05,-5.1857218742370605
174106855000,0.00025023240596055984,-0.010409521870315075,-5.390029400587082e-08,0.06420111656188965,5.552172660827637e-05,-5.201274871826172
174113769000,0.00024310406297445297,-0.010112124495208263,-7.235212251543999e-08,0.0651400089263916,5.453824996948242e-05,-5.216497898101807
174120678000,0.0002362290397286415,-0.00982304010540247,-6.670597940683365e-08,0.06609812378883362,5.373358726501465e-05,-5.2318549156188965
174134561000,0.0002228105440735817,-0.009269746020436287,-3.591412678360939e-08,0.06812509894371033,5.570054054260254e-05,-5.262964725494385
174141605000,0.00021636486053466797,-0.009004870429635048,-3.4458935260772705e-08,0.06911584734916687,5.6356191635131836e-05,-5.278379440307617
174148621000,0.00021021254360675812,-0.008747579529881477,1.2165401130914688e-08,0.07010701298713684,5.7071447372436523e-05,-5.29393196105957
174155398000,0.00020413007587194443,-0.008497674018144608,1.0419171303510666e-08,0.07110556960105896,5.78761100769043e-05,-5.309421062469482
174162403000,0.00019822176545858383,-0.008254829794168472,-1.0477378964424133e-08,0.07214248180389404,5.728006362915039e-05,-5.325037479400635
174176253000,0.00018712133169174194,-0.007789799012243748,-8.672941476106644e-09,0.07420197129249573,5.796551704406738e-05,-5.356338977813721
174183175000,0.00018182722851634026,-0.007567247375845909,-5.6315911933779716e-08,0.07522732019424438,6.008148193359375e-05,-5.3719587326049805
174190182000,0.00017660018056631088,-0.007350982632488012,-2.8900103643536568e-08,0.07631942629814148,6.091594696044922e-05,-5.387832164764404
174197082000,0.0001716436818242073,-0.0071410564705729485,-2.569868229329586e-08,0.07833126187324524,8.463859558105469e-05,-5.407052993774414
174203999000,0.0001667221076786518,-0.006936834193766117,-2.7124769985675812e-08,0.07738915085792542,3.7282705307006836e-05,-5.415449142456055
174217889000,0.00015745824202895164,-0.006546194665133953,-4.612957127392292e-08,0.08054599165916443,6.362795829772949e-05,-5.450753211975098
174224915000,0.0001529613509774208,-0.006359238177537918,-6.58037606626749e-08,0.0815657377243042,6.261467933654785e-05,-5.466305732727051
174231803000,0.00014856038615107536,-0.006177595816552639,-3.9173755794763565e-08,0.08268216252326965,6.428360939025879e-05,-5.482245445251465
174238760000,0.0001443084329366684,-0.006001233588904142,-1.437729224562645e-08,0.08376738429069519,6.541609764099121e-05,-5.497979640960693
174245724000,0.0001401021145284176,-0.005829918663948774,3.1635863706469536e-08,0.08483996987342834,6.589293479919434e-05,-5.513795852661133
174259667000,0.00013216817751526833,-0.005501550622284412,1.1807424016296864e-07,0.0864490270614624,5.0514936447143555e-05,-5.543407440185547
174266575000,0.0001284428872168064,-0.005344462115317583,8.713686838746071e-08,0.08816605806350708,6.732344627380371e-05,-5.561408519744873
174273577000,0.0001248321495950222,-0.0051918597891926765,8.07340256869793e-08,0.08927419781684875,6.890296936035156e-05,-5.5772833824157715
174280453000,0.0001212763600051403,-0.005043562967330217,5.451147444546223e-08,0.0903734564781189,6.73532485961914e-05,-5.593094348907471
174287339000,0.00011777365580201149,-0.004899503197520971,5.0262315198779106e-08,0.09152311086654663,6.970763206481934e-05,-5.609022617340088
174301245000,0.0001110411249101162,-0.004623708315193653,-1.7462298274040222e-10,0.09377631545066833,7.084012031555176e-05,-5.6407670974731445
174308205000,0.00010784855112433434,-0.004491799511015415,7.566995918750763e-10,0.09493362903594971,7.081031799316406e-05,-5.656758785247803
174315210000,0.00010484177619218826,-0.004363702610135078,-6.984919309616089e-10,0.10362282395362854,0.00026595592498779297,-5.698971271514893
174322108000,0.00010176468640565872,-0.0042379554361104965,2.2992026060819626e-08,0.08961650729179382,-0.0001220405101776123,-5.662196636199951
174329103000,9.88328829407692e-05,-0.004117041360586882,2.2206222638487816e-08,0.09838730096817017,7.238984107971191e-05,-5.704625129699707
174342994000,9.329663589596748e-05,-0.003885434940457344,-4.3655745685100555e-09,0.10070449113845825,7.492303848266602e-05,-5.73649787902832
174349935000,9.063724428415298e-05,-0.0037745924200862646,1.9354047253727913e-08,0.10188725590705872,7.480382919311523e-05,-5.752424240112305
174356989000,8.812779560685158e-05,-0.0036668931134045124,-4.321918822824955e-09,0.10304960608482361,7.459521293640137e-05,-5.768293380737305
174363789000,8.56413971632719e-05,-0.0035622427240014076,-3.8708094507455826e-09,0.10425963997840881,7.557868957519531e-05,-5.7843546867370605
174370739000,8.324091322720051e-05,-0.0034605804830789566,-3.2159732654690742e-09,0.10547575354576111,7.641315460205078e-05,-5.8004045486450195
174384636000,7.837009616196156e-05,-0.0032659166026860476,-2.6921043172478676e-09,0.10785683989524841,7.739663124084473e-05,-5.83218240737915
174391642000,7.606763392686844e-05,-0.0031726406887173653,-4.8137735575437546e-08,0.10906937718391418,7.835030555725098e-05,-5.848159313201904
174398508000,7.39686656743288e-05,-0.0030821049585938454,-6.80447556078434e-08,0.110222727060318,7.748603820800781e-05,-5.863903045654297
174405444000,7.187738083302975e-05,-0.0029941294342279434,-1.096195774152875e-07,0.11149442195892334,7.975101470947266e-05,-5.8800811767578125
174412426000,6.983359344303608e-05,-0.0029087834991514683,-1.2584496289491653e-07,0.11268633604049683,8.034706115722656e-05,-5.895795822143555
174426403000,6.627687253057957e-05,-0.0027661225758492947,-1.1114752851426601e-07,0.1152569055557251,8.493661880493164e-05,-6.972350597381592
174433246000,6.52405433356762e-05,-0.002719460055232048,-8.175265975296497e-08,0.11658349633216858,8.872151374816895e-05,-7.658154010772705
174440264000,6.422773003578186e-05,-0.002676539123058319,-7.697963155806065e-08,0.11796870827674866,9.393692016601562e-05,-8.261222839355469
174447150000,6.331922486424446e-05,-0.002630401635542512,-7.229391485452652e-08,0.11921325325965881,9.486079216003418e-05,-8.78712272644043
174454067000,6.212224252521992e-05,-0.002576590748503804,-6.677873898297548e-08,0.12055009603500366,9.375810623168945e-05,-9.24229621887207
174467954000,5.88991679251194e-05,-0.0024439282715320587,-3.7922291085124016e-08,0.12313657999038696,9.936094284057617e-05,-9.967642784118652
174474968000,5.708145909011364e-05,-0.0023684867192059755,-3.5943230614066124e-08,0.12446391582489014,0.00010305643081665039,-10.251790046691895
174481852000,5.5065611377358437e-05,-0.002290719421580434,-3.285822458565235e-08,0.12573707103729248,9.959936141967773e-05,-10.49191665649414
174488791000,5.3294701501727104e-05,-0.002213376574218273,-3.1170202419161797e-08,0.1270884871482849,0.0001043081283569336,-10.69421100616455
174495781000,5.144253373146057e-05,-0.0021383133716881275,-2.967135515064001e-08,0.128343403339386,0.00010639429092407227,-10.863774299621582
174509664000,4.81319148093462e-05,-0.002000232692807913,1.9819708541035652e-08,0.13187915086746216,0.00013148784637451172,-11.122605323791504
174516585000,4.680873826146126e-05,-0.0019373131217435002,1.8335413187742233e-08,0.13128799200057983,8.416175842285156e-05,-11.223123550415039
174523596000,4.5049237087368965e-05,-0.0018782552797347307,1.779699232429266e-08,0.13358384370803833,0.00010752677917480469,-11.302934646606445
174530514000,4.354014527052641e-05,-0.0018221199279651046,1.6276317182928324e-08,0.13490968942642212,0.00011199712753295898,-11.369624137878418
174537394000,4.23303572461009e-05,-0.0017686150968074799,1.4850229490548372e-08,0.1361566185951233,0.0001137852668762207,-11.424500465393066
174551294000,4.0010781958699226e-05,-0.0016665001166984439,-7.537892088294029e-08,0.13881641626358032,0.00011587142944335938,-11.505407333374023
174558281000,3.876234404742718e-05,-0.0016174420015886426,-7.030757842585444e-08,0.14015185832977295,0.00011402368545532227,-11.534330368041992
174565187000,3.769202157855034e-05,-0.0015696722548455,-6.641494110226631e-08,0.1415194272994995,0.0001195073127746582,-11.557546615600586
174572124000,3.677466884255409e-05,-0.001523048267699778,-1.0758958524093032e-07,0.14280331134796143,0.00011587142944335938,-11.57576847076416
174586023000,3.4289550967514515e-05,-0.001433116034604609,-9.484210750088096e-08,0.14554309844970703,0.00011980533599853516,-11.600481033325195
174593015000,3.323238343000412e-05,-0.0013903015060350299,-8.870847523212433e-08,0.14685261249542236,0.00011712312698364258,-11.608146667480469
174599932000,3.2159616239368916e-05,-0.0013485512463375926,-8.357164915651083e-08,0.14820152521133423,0.00012105703353881836,-11.613617897033691
174606911000,3.123888745903969e-05,-0.0013082984369248152,-1.23880454339087e-07,0.1495753526687622,0.00012087821960449219,-11.616888999938965
174620735000,2.96497019007802e-05,-0.001230855006724596,-1.5201658243313432e-07,0.15225988626480103,0.00012230873107910156,-11.618941307067871
174627788000,2.8878450393676758e-05,-0.0011940549593418837,-9.689392754808068e-08,0.15363961458206177,0.0001220703125,-11.618081092834473
174634637000,2.8010224923491478e-05,-0.0011583368759602308,-4.559842636808753e-08,0.15502780675888062,0.00012665987014770508,-11.616387367248535
174641625000,2.709857653826475e-05,-0.0011237130966037512,-8.824281394481659e-08,0.15637671947479248,0.00012487173080444336,-11.613823890686035
174648549000,2.6317080482840538e-05,-0.001090153236873448,-8.317874744534492e-08,0.15779316425323486,0.00013047456741333008,-11.610715866088867
174662482000,2.459611278027296e-05,-0.001026035868562758,-7.29196472093463e-08,0.1605730652809143,0.00012886524200439453,-11.602827072143555
174669409000,2.387980930507183e-05,-0.000995490001514554,-6.882328307256103e-08,0.16193127632141113,0.00013327598571777344,-11.598227500915527
174676343000,2.2973748855292797e-05,-0.000965925573837012,-6.443588063120842e-08,0.16334235668182373,0.0001327991485595703,-11.593646049499512
174683253000,2.2405642084777355e-05,-0.00093703658785671,-1.4701072359457612e-08,0.16479337215423584,0.00013327598571777344,-11.58847427368164
174697149000,2.1208717953413725e-05,-0.0008819748763926327,3.247987478971481e-08,0.1675252914428711,0.00013583898544311523,-11.57800579071045
174704097000,2.051715273410082e-05,-0.0008555169915780425,-1.503940438851714e-08,0.16898047924041748,0.00013643503189086914,-11.572491645812988
174711082000,1.9965984392911196e-05,-0.0008299995679408312,-1.3998942449688911e-08,0.17038923501968384,0.00013530254364013672,-11.566845893859863
174717969000,1.9368191715329885e-05,-0.0008050377946346998,-1.3456883607432246e-08,0.1718134880065918,0.00014156103134155273,-11.561197280883789
174724975000,1.877249451354146e-05,-0.0007808863883838058,-1.252919901162386e-08,0.1745653748512268,0.00017720460891723633,-11.553108215332031
174731870000,1.826114021241665e-05,-0.0007576512871310115,-1.1666998034343123e-08,0.17334407567977905,0.00010454654693603516,-11.55191707611084
174745792000,1.704343594610691e-05,-0.0007130885496735573,-1.006628735922277e-08,0.1775144338607788,0.00013846158981323242,-11.538139343261719
174752704000,1.6445585060864687e-05,-0.0006917599239386618,-5.541005521081388e-08,0.17901664972305298,0.00014704465866088867,-11.532061576843262
174759688000,1.6016769222915173e-05,-0.0006710558664053679,-9.757422958500683e-08,0.18039709329605103,0.00014495849609375,-11.526372909545898
174766594000,1.5649187844246626e-05,-0.0006509299855679274,-9.150244295597076e-08,0.18190103769302368,0.00014609098434448242,-11.520618438720703
174780551000,1.4992314390838146e-05,-0.0006127723609097302,-3.7944118957966566e-08,0.18477791547775269,0.00015085935592651367,-11.509016990661621
174787417000,1.452083233743906e-05,-0.0005945428274571896,-3.5561242839321494e-08,0.18627572059631348,0.00015157461166381836,-11.503170013427734
174794447000,1.4033052138984203e-05,-0.0005768293631263077,-7.895869202911854e-08,0.1876963973045349,0.00015044212341308594,-11.497380256652832
174801308000,1.3531593140214682e-05,-0.0005594756221398711,1.7218553693965077e-08,0.18913471698760986,0.00014960765838623047,-11.491544723510742
174808333000,1.3184966519474983e-05,-0.0005427637370303273,1.6218109522014856e-08,0.19063198566436768,0.00015038251876831055,-11.48597526550293
174815222000,1.2679374776780605e-05,-0.0005266023799777031,1.527223503217101e-08,0.19210034608840942,0.00015056133270263672,-11.480110168457031
174829128000,1.2023316230624914e-05,-0.0004954009782522917,1.3271346688270569e-08,0.19506102800369263,0.00015729665756225586,-11.468863487243652
174836034000,1.1433323379606009e-05,-0.0004807031073141843,1.2492819223552942e-08,0.1965600848197937,0.0001575946807861328,-11.463202476501465
174843115000,1.0885909432545304e-05,-0.00046622639638371766,1.1763404472731054e-08,0.1980268359184265,0.0001571178436279297,-11.4577054977417
174849931000,1.058317138813436e-05,-0.0004524814721662551,1.0233088687527925e-07,0.19953131675720215,0.00015854835510253906,-11.451972961425781
174863824000,1.028619590215385e-05,-0.00042581261368468404,1.758999133016914e-07,0.20258116722106934,0.00016063451766967773,-11.440942764282227
174870762000,1.0069197742268443e-05,-0.0004132062604185194,1.192711351905018e-07,0.20404314994812012,0.00016564130783081055,-11.435563087463379
174877733000,9.924755431711674e-06,-0.0004007310199085623,6.63312675897032e-08,0.20552021265029907,0.00016540288925170898,-11.43006420135498
174884663000,9.509240044280887e-06,-0.00038861858774907887,1.664193405304104e-08,0.20703750848770142,0.0001659393310546875,-11.424468994140625
174891687000,9.15289274416864e-06,-0.00037706716102547944,1.5643308870494366e-08,0.20931357145309448,0.00018799304962158203,-11.418024063110352
174905494000,8.597213309258223e-06,-0.00035508733708411455,-7.191192707978189e-08,0.21159034967422485,0.00016742944717407227,-11.408513069152832
174912468000,8.4544881246984e-06,-0.00034423472243361175,-1.1311385605949908e-07,0.21312379837036133,0.0001685023307800293,-11.403190612792969
174919389000,8.248694939538836e-06,-0.0003337633388582617,-1.0614348866511136e-07,0.21465492248535156,0.00016921758651733398,-11.397870063781738
174926359000,8.072296623140574e-06,-0.0003238272911403328,-1.4541365089826286e-07,0.21619117259979248,0.00017547607421875,-11.392572402954102
174940274000,7.3267146944999695e-06,-0.00030453334329649806,-8.244023774750531e-08,0.21923887729644775,0.00017684698104858398,-11.382116317749023
174947205000,7.156777428463101e-06,-0.00029547448502853513,-7.736343832220882e-08,0.2208085060119629,0.00017833709716796875,-11.376975059509277
174954099000,6.92770117893815e-06,-0.00028662412660196424,-2.6961060939356685e-08,0.2223111391067505,0.0001779794692993164,-11.371864318847656
174961181000,6.522837793454528e-06,-0.0002781611692626029,-2.529486664570868e-08,0.22385984659194946,0.0001786947250366211,-11.366840362548828
174967990000,6.30086287856102e-06,-0.0002699053438846022,-2.3728716769255698e-08,0.22539758682250977,0.00017917156219482422,-11.361608505249023
174981886000,5.989044439047575e-06,-0.0002544130547903478,-6.371919880621135e-08,0.22851109504699707,0.00018095970153808594,-11.35144329071045
174988825000,5.926645826548338e-06,-0.0002469194296281785,-5.97938196733594e-08,0.23007094860076904,0.00018173456192016602,-11.346510887145996
174995804000,5.873094778507948e-06,-0.00023953603522386402,-5.6123099057003856e-08,0.23163530230522156,0.00018352270126342773,-11.341508865356445
175002718000,5.743757355958223e-06,-0.00023237220011651516,-9.829545888351277e-08,0.23316475749015808,0.00018268823623657227,-11.336625099182129
175016635000,5.377107299864292e-06,-0.00021849985932931304,-4.105186235392466e-08,0.23634836077690125,0.00019216537475585938,-11.326635360717773
175023632000,5.1101233111694455e-06,-0.00021187798120081425,7.108610589057207e-09,0.23786762356758118,0.00019186735153198242,-11.3219575881958
175030525000,4.839574103243649e-06,-0.0002054923097603023,6.6856955527327955e-09,0.23946607112884521,0.00019276142120361328,-11.316953659057617
175037434000,4.607616574503481e-06,-0.0001993089827010408,5.1913957577198744e-08,0.24103957414627075,0.00019407272338867188,-11.312158584594727
175044428000,4.450426786206663e-06,-0.0001933825114974752,9.437553671887144e-08,0.24260520935058594,0.00019443035125732422,-11.307337760925293
175051379000,4.273955710232258e-06,-0.00018763472326099873,1.342177711194381e-07,0.24421364068984985,0.0001965165138244629,-11.3026762008667
175065218000,4.070476279594004e-06,-0.00017676720744930208,1.610878825886175e-07,0.24735793471336365,0.00019758939743041992,-11.293100357055664
175072147000,3.989945980720222e-06,-0.0001714725513011217,1.5120349416974932e-07,0.2489517331123352,0.0001983046531677246,-11.2883939743042
175079170000,3.920940798707306e-06,-0.00016639141540508717,9.628001862438396e-08,0.25059229135513306,0.00020134449005126953,-11.283706665039062
175086051000,3.903420292772353e-06,-0.00016140980005729944,-9.040377335622907e-10,0.25211548805236816,0.00019979476928710938,-11.279121398925781
175093078000,3.8467260310426354e-06,-0.00015651377907488495,-8.48558556754142e-10,0.25372937321662903,0.00020164251327514648,-11.274497985839844
175106938000,3.601613570936024e-06,-0.0001472704898333177,-7.385096978396177e-10,0.2569116950035095,0.0002033710479736328,-11.265251159667969
175113851000,3.587963874451816e-06,-0.00014276598813012242,4.495541361393407e-08,0.258561909198761,0.00020509958267211914,-11.260725975036621
175120783000,3.576264134608209e-06,-0.0001384872739436105,8.783354132901877e-08,0.26010459661483765,0.00020462274551391602,-11.25622272491455
175127748000,3.399502020329237e-06,-0.00013419392053037882,3.680906957015395e-08,0.2617907226085663,0.00020813941955566406,-11.251602172851562
175141690000,3.1537783797830343e-06,-0.00012631507706828415,-5.610854714177549e-08,0.26496970653533936,0.00021457672119140625,-11.24276065826416
175148582000,3.0789815355092287e-06,-0.0001225494925165549,-9.830364433582872e-08,0.2666126787662506,0.00021713972091674805,-11.23823356628418
175155544000,3.056535206269473e-06,-0.00011890424502780661,-1.3790941011393443e-07,0.26818597316741943,0.0002168118953704834,-11.233962059020996
175162485000,2.995613613165915e-06,-0.00011536226520547643,-1.7507227312307805e-07,0.26984551548957825,0.0002187788486480713,-11.229475021362305
175169418000,2.85999703919515e-06,-0.00011211729724891484,-1.6432250049547292e-07,0.271498441696167,0.00022092461585998535,-11.225153923034668
175183344000,2.673870767466724e-06,-0.00010544335236772895,-5.6279986893059686e-08,0.274713933467865,0.0002218782901763916,-11.216426849365234
175190303000,2.542459696996957e-06,-0.00010219615796813741,-7.1863723860587925e-09,0.27632924914360046,0.00022280216217041016,-11.212081909179688
175197205000,2.2630629246123135e-06,-9.928729559760541e-05,-6.745267455698922e-09,0.27797654271125793,0.00022476911544799805,-11.207849502563477
175204105000,2.023531123995781e-06,-9.62098129093647e-05,-6.326445145532489e-09,0.27964258193969727,0.0002262592315673828,-11.20357894897461
175217988000,2.1543673938140273e-06,-9.055899136001244e-05,-5.121182766743004e-08,0.28288647532463074,0.00022846460342407227,-11.195123672485352
175225036000,2.0137231331318617e-06,-8.785136014921591e-05,-9.370342013426125e-08,0.28454554080963135,0.0002295374870300293,-11.190961837768555
175231894000,2.0182051230221987e-06,-8.52799421409145e-05,-4.2310603021178395e-08,0.28617650270462036,0.00023049116134643555,-11.186871528625488
175238827000,1.855303707998246e-06,-8.27419207780622e-05,5.92763171880506e-09,0.2878204882144928,0.00023227930068969727,-11.182622909545898
175245817000,1.924090611282736e-06,-8.027416333789006e-05,5.566107574850321e-09,0.28944921493530273,0.00023221969604492188,-11.178483009338379
175259770000,1.9025610527023673e-06,-7.570163870695978e-05,4.903085937257856e-09,0.2927393615245819,0.00023534893989562988,-11.170247077941895
175266622000,1.6727717593312263e-06,-7.344640471274033e-05,4.602043190971017e-09,0.2944242060184479,0.0002378225326538086,-11.166183471679688
175273581000,1.725915353745222e-06,-7.130446465453133e-05,-4.131698005949147e-08,0.29603323340415955,0.00023731589317321777,-11.162134170532227
175280527000,1.7297934391535819e-06,-6.9218069256749e-05,-3.8779489841545e-08,0.29774734377861023,0.00024077296257019043,-11.15815258026123
175287461000,1.6914200386963785e-06,-6.709581066388637e-05,-3.6398432712303475e-08,0.2993473708629608,0.00024047493934631348,-11.154085159301758
175294432000,1.61682692123577e-06,-6.502628093585372e-05,1.1476004146970809e-08,0.3010299503803253,0.0002428293228149414,-11.150126457214355
175308318000,1.4504330465570092e-06,-6.128428503870964e-05,9.858740668278188e-08,0.30437907576560974,0.0002461075782775879,-11.142193794250488
175315230000,1.4102261047810316e-06,-5.946029705228284e-05,1.3817361832479946e-07,0.30601972341537476,0.0002465248107910156,-11.138309478759766
175322205000,1.459153281757608e-06,-5.7729808759177104e-05,1.7532738638692535e-07,0.30766353011131287,0.00024694204330444336,-11.134443283081055
175329169000,1.3343269529286772e-06,-5.587104897131212e-05,1.6456124285468832e-07,0.30934596061706543,0.00024959444999694824,-11.130484580993652
175343082000,1.1355659808032215e-06,-5.259568933979608e-05,1.449741375836311e-07,0.3127027750015259,0.00025203824043273926,-11.122708320617676
175349972000,1.1819829524029046e-06,-5.105260788695887e-05,1.360710939479759e-07,0.31435248255729675,0.00025328993797302246,-11.118891716003418
175356933000,1.1800875654444098e-06,-4.943788007949479e-05,1.27715566122788e-07,0.3182937502861023,0.0003248453140258789,-11.111764907836914
175363917000,1.0948788258247077e-06,-4.788308433489874e-05,1.1985412129433826e-07,0.31546729803085327,0.000186234712600708,-11.114555358886719
175370831000,1.0220283002126962e-06,-4.638703467207961e-05,6.685399966954719e-08,0.3193665146827698,0.00025725364685058594,-11.107556343078613
175384763000,1.0132607712876052e-06,-4.36476111644879e-05,5.889728527108673e-08,0.32277992367744446,0.000260770320892334,-11.100086212158203
175391953000,9.520626917947084e-07,-4.2255698645021766e-05,5.5280906963162124e-08,0.32826367020606995,0.00038251280784606934,-11.09069538116455
175398656000,8.575152605772018e-07,-4.105751577299088e-05,5.1872575568268076e-08,0.3222905099391937,0.0001424252986907959,-11.098175048828125
175405623000,8.185343176592141e-07,-3.995177030446939e-05,3.0477167456410825e-09,0.327777624130249,0.00026404857635498047,-11.088890075683594
175412608000,9.51888068811968e-07,-3.871197623084299e-05,-4.277831067156512e-08,0.3294837772846222,0.00026598572731018066,-11.085360527038574
175426443000,7.710950740147382e-07,-3.6380508390720934e-05,-3.488048605504446e-08,0.332856684923172,0.000268399715423584,-11.077998161315918
175433321000,7.444505172315985e-07,-3.5316792491357774e-05,1.2900045476271771e-08,0.33455929160118103,0.0002708733081817627,-11.074209213256836
175440363000,7.216040103230625e-07,-3.432144512771629e-05,1.2108330338378437e-08,0.3412996530532837,0.0004330277442932129,-11.063529968261719
175447284000,7.438284228555858e-07,-3.325388388475403e-05,1.1360498319845647e-08,0.3328700363636017,0.00011220574378967285,-11.074360847473145
175454199000,8.344650268554688e-07,-0.24457979202270508,-2.2351741790771484e-08,0.3585657477378845,0.000279158353805542,-11.13546085357666
175468095000,6.556510925292969e-07,-0.6485401391983032,7.450580596923828e-09,0.4012811779975891,0.00028014183044433594,-11.158254623413086
175475127000,7.152557373046875e-07,-0.774956226348877,2.123415470123291e-07,0.425067663192749,0.0004273951053619385,-11.122998237609863
175482068000,5.960464477539062e-07,-0.8443434834480286,2.4586915969848633e-07,0.4313177764415741,0.00013443827629089355,-11.102311134338379
175488956000,4.172325134277344e-07,-0.8662813901901245,-5.21540641784668e-08,0.44952115416526794,0.00028651952743530273,-11.0653715133667
175495943000,7.152557373046875e-07,-0.8561575412750244,-2.1606683731079102e-07,0.4608801603317261,0.0002897977828979492,-11.042827606201172
175509855000,7.152557373046875e-07,-0.79643714427948,-1.4156103134155273e-07,0.480948805809021,0.00029331445693969727,-11.015345573425293
175516740000,7.152557373046875e-07,-0.767233669757843,8.195638656616211e-08,0.4907836318016052,0.00029015541076660156,-11.00674819946289
175523718000,6.556510925292969e-07,-0.745606541633606,-3.725290298461914e-08,0.5011470317840576,0.0002949833869934082,-10.999811172485352
175530672000,8.344650268554688e-07,-0.7327997088432312,2.384185791015625e-07,0.512033998966217,0.00029075145721435547,-10.993820190429688
175537582000,2.980232238769531e-07,-0.7279300689697266,1.1175870895385742e-07,0.5237017869949341,0.0002970099449157715,-10.98840045928955
175551457000,4.76837158203125e-07,-0.7336776256561279,2.4586915969848633e-07,0.5485302805900574,0.0002982020378112793,-10.976601600646973
175558567000,4.172325134277344e-07,-0.7399114370346069,-2.2351741790771484e-08,0.5615783333778381,0.0003046393394470215,-10.970017433166504
175565347000,2.384185791015625e-07,-0.7461519241333008,1.7136335372924805e-07,0.5748650431632996,0.00030225515365600586,-10.96291732788086
175572309000,3.5762786865234375e-07,-0.7514591217041016,1.2665987014770508e-07,0.5884392857551575,0.00030601024627685547,-10.955231666564941
175586191000,5.960464477539063e-08,-0.7580674290657043,7.450580596923828e-08,0.6159863471984863,0.00030744075775146484,-10.939435958862305
175593169000,1.1920928955078125e-07,-0.7596046328544617,-2.086162567138672e-07,0.6299391388893127,0.0003114938735961914,-10.931452751159668
175600126000,1.7881393432617188e-07,-0.7603856921195984,-4.470348358154297e-08,0.6441259980201721,0.00031048059463500977,-10.923506736755371
175607021000,0.0,-0.7607486248016357,-1.4901161193847656e-07,0.6585795879364014,0.0003154873847961426,-10.915594100952148
175614045000,4.172325134277344e-07,-0.7609718441963196,-7.450580596923828e-08,0.6730511784553528,0.00031256675720214844,-10.907844543457031
175627872000,5.960464477539062e-07,-0.7616592049598694,-1.1175870895385742e-07,0.7029263973236084,0.00032019615173339844,-10.892346382141113
175634796000,4.172325134277344e-07,-0.7622506022453308,1.043081283569336e-07,0.7181906700134277,0.0003184676170349121,-10.884773254394531
175641798000,2.980232238769531e-07,-0.7629960775375366,5.21540641784668e-08,0.7336800694465637,0.0003224015235900879,-10.876993179321289
175648716000,2.980232238769531e-07,-0.7638501524925232,7.450580596923828e-09,0.7493723630905151,0.0003241300582885742,-10.869531631469727
175655663000,3.5762786865234375e-07,-0.7647610306739807,5.21540641784668e-08,0.7653034925460815,0.00032401084899902344,-10.86176872253418
175669524000,1.7881393432617188e-07,-0.7665790319442749,-8.195638656616211e-08,0.7979034781455994,0.00032901763916015625,-10.84649658203125
175676502000,2.384185791015625e-07,-0.7674320340156555,-1.043081283569336e-07,0.8144689798355103,0.0003312826156616211,-10.838652610778809
175683423000,-2.980232238769531e-07,-0.7682322263717651,-1.7881393432617188e-07,0.8313363790512085,0.00033468008041381836,-10.830984115600586
175690346000,0.0,-0.7689809799194336,-0.0,0.8483384251594543,0.0003338456153869629,-10.82318115234375
175697364000,-1.1920928955078125e-07,-0.7696837186813354,1.4156103134155273e-07,0.8656489253044128,0.00033336877822875977,-10.815459251403809
175704266000,0.0,-0.770348846912384,-2.9802322387695312e-08,0.8830710053443909,0.00033587217330932617,-10.807912826538086
175718127000,0.0,-0.7715998291969299,-2.9802322387695312e-08,0.9186822175979614,0.00033974647521972656,-10.792375564575195
175725142000,1.1920928955078125e-07,-0.7721972465515137,1.1920928955078125e-07,0.9368773698806763,0.0003414154052734375,-10.784747123718262
175732018000,2.980232238769531e-07,-0.7727802991867065,1.4901161193847656e-08,0.9552463889122009,0.0003446340560913086,-10.776997566223145
175738977000,4.172325134277344e-07,-0.773349940776825,-8.940696716308594e-08,0.9737423062324524,0.0003465414047241211,-10.769485473632812
175752851000,2.384185791015625e-07,-0.7744492292404175,4.470348358154297e-08,1.0114941596984863,0.00034821033477783203,-10.754037857055664
175759864000,4.76837158203125e-07,-0.6061752438545227,-7.450580596923828e-09,1.017998218536377,0.0003495216369628906,-10.727744102478027
175766834000,1.4901161193847656e-07,-0.40039750933647156,3.725290298461914e-08,1.0196188688278198,0.00035071372985839844,-10.740360260009766
175773677000,1.9371509552001953e-07,-0.20856612920761108,-2.2351741790771484e-08,1.0190179347991943,0.00035250186920166016,-10.747159004211426
175780728000,1.4156103134155273e-07,-0.060414135456085205,-7.450580596923828e-08,1.0190927982330322,0.00035691261291503906,-10.740564346313477
175794575000,8.940696716308594e-08,0.07928954809904099,-1.4528632164001465e-07,1.024854063987732,0.0003600120544433594,-10.718021392822266
175801548000,0.0,0.08628614991903305,-1.6763806343078613e-07,1.031075358390808,0.0003643035888671875,-10.712235450744629
175808472000,0.0,0.06917811930179596,-1.51805579662323e-07,1.038841962814331,0.00036656856536865234,-10.709846496582031
175815373000,-2.2351741790771484e-08,0.040833692997694016,-1.2060627341270447e-07,1.0477368831634521,0.0003650188446044922,-10.708749771118164
175822303000,6.984919309616089e-08,0.011089392006397247,-6.635673344135284e-08,1.057251214981079,0.00036919116973876953,-10.707362174987793
175836191000,1.564621925354004e-07,-0.03117390349507332,3.3993273973464966e-08,1.0760482549667358,0.00036787986755371094,-10.703424453735352
175843170000,1.1548399925231934e-07,-0.04053439944982529,2.1420419216156006e-08,1.0852020978927612,0.0003733634948730469,-10.700982093811035
175850096000,2.3469328880310059e-07,-0.04323052614927292,1.909211277961731e-08,1.0938618183135986,0.00037598609924316406,-10.698641777038574
175857036000,2.1606683731079102e-07,-0.04127040505409241,3.3993273973464966e-08,1.1022377014160156,0.0003712177276611328,-10.69643783569336
175864005000,1.6763806343078613e-07,-0.036729272454977036,1.909211277961731e-08,1.1105005741119385,0.0003795623779296875,-10.694473266601562
175877899000,1.30385160446167e-07,-0.026308702304959297,1.862645149230957e-08,1.126542329788208,0.0003809928894042969,-10.69060230255127
175884809000,1.1175870895385742e-07,-0.022302065044641495,2.1886080503463745e-08,1.1345926523208618,0.0003790855407714844,-10.688788414001465
175891987000,9.499490261077881e-08,-0.019536646082997322,1.280568540096283e-08,1.1427173614501953,0.0003871917724609375,-10.686948776245117
175898685000,8.195638656616211e-08,-0.01791762001812458,1.5366822481155396e-08,1.1508389711380005,0.0003864765167236328,-10.685232162475586
175905659000,1.1175870895385742e-07,-0.017180055379867554,-2.6775524020195007e-08,1.1589738130569458,0.0003846883773803711,-10.68341064453125
175919534000,1.6577541828155518e-07,-0.018122831359505653,-7.404014468193054e-08,1.1772834062576294,0.0004119873046875,-16.062522888183594
175926506000,1.3969838619232178e-07,-0.01881088688969612,-6.635673344135284e-08,1.1863744258880615,0.0004177093505859375,-18.18082618713379
175933416000,1.1734664440155029e-07,-0.019138868898153305,-5.98374754190445e-08,1.195242166519165,0.00042247772216796875,-20.0632381439209
175940353000,1.0803341865539551e-07,-0.018985535949468613,-6.05359673500061e-08,1.2040247917175293,0.0004353523254394531,-21.706222534179688
175954249000,7.264316082000732e-08,-0.017604202032089233,-5.029141902923584e-08,1.2210230827331543,0.0004410743713378906,-24.329811096191406
175961228000,2.253800630569458e-07,-0.016721529886126518,-5.3551048040390015e-08,1.2295186519622803,0.0004591941833496094,-25.35268783569336
175968139000,3.6694109439849854e-07,-0.015900760889053345,-4.7031790018081665e-08,1.2377495765686035,0.0004553794860839844,-26.214433670043945
175975140000,3.166496753692627e-07,-0.015204615890979767,-4.190951585769653e-08,1.2459559440612793,0.0004534721374511719,-26.936973571777344
175982092000,2.7194619178771973e-07,-0.014637998305261135,-3.562308847904205e-08,1.254249095916748,0.0004544258117675781,-27.540340423583984
175996090000,-8.940696716308594e-08,-0.013762278482317924,-3.702007234096527e-08,1.2706539630889893,0.0004725456237792969,-28.460346221923828
176002956000,-7.078051567077637e-08,-0.013378126546740532,-3.14321368932724e-08,1.2788212299346924,0.000469207763671875,-28.805952072143555
176010067000,-3.986060619354248e-07,-0.012996256351470947,6.193295121192932e-08,1.2870075702667236,0.0004706382751464844,-29.09120750427246
176016787000,-3.417953848838806e-07,-0.012607828713953495,5.3551048040390015e-08,1.2950949668884277,0.0004849433898925781,-29.327648162841797
176030686000,2.0489096641540527e-07,-0.011821475811302662,2.2631138563156128e-07,1.3112118244171143,0.0004830360412597656,-29.68067741394043
176037637000,3.380700945854187e-07,-0.011436252854764462,2.1280720829963684e-07,1.3192787170410156,0.00048542022705078125,-29.810977935791016
176044648000,6.239861249923706e-07,-0.01106347143650055,2.016313374042511e-07,1.3272500038146973,0.00048160552978515625,-29.917856216430664
176051548000,3.7066638469696045e-07,-0.010704872198402882,2.7730129659175873e-07,1.3352711200714111,0.0004944801330566406,-30.00373077392578
176058536000,1.4994293451309204e-07,-0.01036092173308134,2.601882442831993e-07,1.3433983325958252,0.0004968643188476562,-30.07330894470215
176065366000,-2.076849341392517e-07,-0.010030850768089294,1.5296973288059235e-07,1.3512403964996338,0.0004968643188476562,-30.13100242614746
176079324000,-1.2386590242385864e-07,-0.009406652301549911,5.2852556109428406e-08,1.3672447204589844,0.0004916191101074219,-30.238332748413086
176086242000,2.2258609533309937e-07,-0.009110357612371445,-4.353933036327362e-08,1.3752641677856445,0.0005011558532714844,-30.33017921447754
176093338000,1.9371509552001953e-07,-0.008822490461170673,-4.3888576328754425e-08,1.3831710815429688,0.0005106925964355469,-30.416357040405273
176100095000,1.6391277313232422e-07,-0.008543345145881176,-4.086177796125412e-08,1.3911428451538086,0.0005130767822265625,-30.497684478759766
176113998000,1.2386590242385864e-07,-0.00800930056720972,-3.282912075519562e-08,1.4069290161132812,0.0005049705505371094,-30.643993377685547
176120955000,1.043081283569336e-07,-0.007754974067211151,-3.119930624961853e-08,1.4149127006530762,0.0005087852478027344,-30.68262481689453
176127917000,9.033828973770142e-08,-0.007509251125156879,-2.922024577856064e-08,1.4228262901306152,0.00051116943359375,-30.720062255859375
176134807000,7.450580596923828e-08,-0.007271403446793556,-2.7241185307502747e-08,1.430687427520752,0.00051116943359375,-30.75636100769043
176141859000,6.332993507385254e-08,-0.00704098679125309,-2.9453076422214508e-08,1.4385361671447754,0.0005259513854980469,-30.78931999206543
176155639000,4.7497451305389404e-08,-0.006600729189813137,-2.468004822731018e-08,1.4541945457458496,0.0005235671997070312,-30.85474395751953
176162648000,4.0512531995773315e-08,-0.0063909669406712055,-2.3399479687213898e-08,1.4622201919555664,0.0005288124084472656,-30.88467025756836
176169545000,3.725290298461914e-08,-0.006186615210026503,-2.0372681319713593e-08,1.4700255393981934,0.0005259513854980469,-30.85425567626953
176176579000,3.119930624961853e-08,-0.0059877438470721245,-1.9208528101444244e-08,1.477884292602539,0.0005283355712890625,-30.7997989654541
176183432000,2.60770320892334e-08,-0.00579456752166152,-1.7695128917694092e-08,1.4856462478637695,0.0005278587341308594,-30.74464225769043
176197363000,1.7695128917694092e-08,-0.005429272074252367,-1.5133991837501526e-08,1.50130295753479,0.0005340576171875,-30.627613067626953
176204304000,1.4901161193847656e-08,-0.005255750846117735,-1.4028046280145645e-08,1.5091352462768555,0.0005345344543457031,-30.566537857055664
176211313000,1.1175870895385742e-08,-0.0050884741358459,-1.594889909029007e-08,1.5168354511260986,0.0005502700805664062,-30.50520133972168
176218208000,9.313225746154785e-09,-0.004925893619656563,-1.501757651567459e-08,1.524634599685669,0.0005545616149902344,-30.441219329833984
176232139000,7.450580596923828e-09,-0.004617772065103054,-1.2398231774568558e-08,1.5401794910430908,0.0005512237548828125,-30.309566497802734
176238982000,1.7415732145309448e-07,-0.004471158143132925,7.986091077327728e-08,1.5478453636169434,0.0005517005920410156,-30.242280960083008
176245983000,3.152526915073395e-07,-0.0043282900005578995,7.502967491745949e-08,1.5557122230529785,0.0005550384521484375,-30.17256736755371
176252874000,4.363246262073517e-07,-0.0041909608989953995,1.6158446669578552e-07,1.5633587837219238,0.0005574226379394531,-30.103506088256836
176259925000,4.190951585769653e-08,-0.004057054873555899,1.5221303328871727e-07,1.5710301399230957,0.0005545616149902344,-30.03270721435547
176266782000,-1.3085082173347473e-07,-0.003927250392735004,1.4313263818621635e-07,1.5788252353668213,0.0005526542663574219,-29.95930290222168
176280682000,-2.4028122425079346e-07,-0.0036815102212131023,1.2596137821674347e-07,1.5956528186798096,0.000583648681640625,-29.796222686767578
176287633000,-2.0419247448444366e-07,-0.0035645111929625273,1.1897645890712738e-07,1.6004080772399902,0.0005364418029785156,-29.75261688232422
176294587000,-1.755543053150177e-07,-0.0034509536344558,1.1146767064929008e-07,1.6094603538513184,0.0005578994750976562,-29.660539627075195
176301485000,-1.511070877313614e-07,-0.003340925555676222,1.0477378964424133e-07,1.6172020435333252,0.0005660057067871094,-29.583173751831055
176315468000,-1.1082738637924194e-07,-0.003131589386612177,9.062932804226875e-08,1.6323962211608887,0.0005831718444824219,-29.42597198486328
176322314000,-9.615905582904816e-08,-0.0030317790806293488,8.504139259457588e-08,1.6400384902954102,0.0005841255187988281,-29.345312118530273
176329371000,2.5099143385887146e-07,-0.002935036551207304,1.710723154246807e-07,1.6567068099975586,0.000728607177734375,-29.169687271118164
176336238000,2.1513551473617554e-07,-0.002841317094862461,3.4389086067676544e-07,1.6461706161499023,0.0004477500915527344,-29.27768325805664
176343290000,-1.4784745872020721e-07,-0.0027504058089107275,3.2334355637431145e-07,1.6628458499908447,0.0005869865417480469,-29.099628448486328
176350146000,-1.2689270079135895e-07,-0.0026626272592693567,3.035238478332758e-07,1.6703882217407227,0.0005850791931152344,-29.016082763671875
176364058000,1.9208528101444244e-07,-0.002496102126315236,9.592622518539429e-08,1.6854674816131592,0.0005950927734375,-28.846912384033203
176370974000,1.6391277313232422e-07,-0.002416260540485382,9.001814760267735e-08,1.6930716037750244,0.0005950927734375,-28.760658264160156
176377953000,1.4062970876693726e-07,-0.002339306753128767,8.454662747681141e-08,1.7006051540374756,0.0005998611450195312,-28.67375946044922
176384857000,1.2153759598731995e-07,-0.0022651611361652613,7.980270311236382e-08,1.7080352306365967,0.0005950927734375,-28.58694076538086
176391870000,1.043081283569336e-07,-0.002193090971559286,7.494236342608929e-08,1.715501308441162,0.0005941390991210938,-28.498586654663086
176405697000,7.59027898311615e-08,-0.002056153491139412,6.600748747587204e-08,1.7304983139038086,0.0006051063537597656,-28.320289611816406
176412730000,6.51925802230835e-08,-0.001990393502637744,6.193295121192932e-08,1.73793625831604,0.0006041526794433594,-28.230430603027344
176419634000,5.587935447692871e-08,-0.0019270135089755058,5.814945325255394e-08,1.7453804016113281,0.0006055831909179688,-28.138845443725586
176426619000,4.761386662721634e-08,-0.0018651708960533142,5.454057827591896e-08,1.7527897357940674,0.0006086826324462891,-28.04776382446289
176433481000,4.132743924856186e-08,-0.0018058151472359896,5.125184543430805e-08,1.760179042816162,0.0006091594696044922,-27.956045150756836
176447448000,3.003515303134918e-08,-0.001692911027930677,4.519824869930744e-08,1.7749905586242676,0.0006134510040283203,-27.770299911499023
176454290000,2.5727786123752594e-08,-0.0016392915276810527,4.243338480591774e-08,1.7823224067687988,0.0006148815155029297,-27.676639556884766
176461376000,2.200249582529068e-08,-0.0015874860109761357,3.9814040064811707e-08,1.7896990776062012,0.0006201267242431641,-27.582706451416016
176468246000,1.8510036170482635e-08,-0.0015370697947219014,3.739842213690281e-08,1.797098159790039,0.000621795654296875,-27.487436294555664
176482104000,1.4319084584712982e-08,-0.0014408053830265999,3.323657438158989e-08,1.8116893768310547,0.0006191730499267578,-27.297073364257812
176489031000,1.2223608791828156e-08,-0.001395143219269812,3.1170202419161797e-08,1.819054365158081,0.0006239414215087891,-27.20062255859375
176496006000,1.0244548320770264e-08,-0.0013514936435967684,2.930755726993084e-08,1.8263225555419922,0.0006272792816162109,-27.103490829467773
176502926000,8.731149137020111e-09,-0.0013080681674182415,2.6775524020195007e-08,1.8335397243499756,0.0006418228149414062,-27.007102966308594
176509925000,7.566995918750763e-09,-0.0012663363013416529,2.5131157599389553e-08,1.840735673904419,0.0006422996520996094,-26.910167694091797
176523743000,5.587935447692871e-09,-0.0011862858664244413,2.2118911147117615e-08,1.8553147315979004,0.0006535053253173828,-26.713319778442383
176530735000,4.6566128730773926e-09,-0.0011487578740343451,2.0736479200422764e-08,1.862407922744751,0.0006508827209472656,-26.615188598632812
176537637000,3.958120942115784e-09,-0.0011117486283183098,1.9470462575554848e-08,1.8696300983428955,0.000652313232421875,-26.516582489013672
176544617000,3.4924596548080444e-09,-0.001077186083421111,1.8291757442057133e-08,1.8767974376678467,0.0006587505340576172,-26.41684913635254
176551544000,3.4924596548080444e-09,-0.0010422179475426674,1.7360434867441654e-08,1.883880853652954,0.0006501674652099609,-26.31792449951172
176565419000,1.979060471057892e-09,-0.0009761745459400117,1.5104888007044792e-08,1.8983049392700195,0.000667572021484375,-26.118043899536133
176572383000,1.7462298274040222e-09,-0.000945446896366775,1.4173565432429314e-08,1.9051964282989502,0.0006611347198486328,-26.017620086669922
176579374000,1.4551915228366852e-09,-0.0009161019697785378,1.3285898603498936e-08,1.9124195575714111,0.0006697177886962891,-25.917531967163086
176586250000,1.3387762010097504e-09,-0.0008876100764609873,1.2500095181167126e-08,1.9194536209106445,0.0006687641143798828,-25.816083908081055
176600134000,1.0477378964424133e-09,-0.0008317104657180607,1.1117663234472275e-08,1.9334800243377686,0.0006682872772216797,-25.6147518157959
176607115000,1.0477378964424133e-09,-0.0008050877368077636,1.04482751339674e-08,1.9407074451446533,0.0006787776947021484,-25.5127010345459
176614045000,9.313225746154785e-10,-0.0007789280498400331,9.793438948690891e-09,1.9475481510162354,0.0006723403930664062,-25.41147232055664
176620976000,7.566995918750763e-10,-0.0007543330430053174,9.19681042432785e-09,1.954509973526001,0.0006766319274902344,-25.310123443603516
176627974000,5.820766091346741e-10,-0.0007305797189474106,8.60018189996481e-09,1.9615449905395508,0.0006773471832275391,-25.20800018310547
176641850000,5.820766091346741e-11,-0.0006854422972537577,7.450580596923828e-09,1.9754643440246582,0.0006897449493408203,-25.004484176635742
176648814000,3.4924596548080444e-10,-0.0006638471386395395,7.1158865466713905e-09,1.9823832511901855,0.0006887912750244141,-24.90239715576172
176655735000,3.4924596548080444e-10,-0.000642998784314841,6.686605047434568e-09,1.9892523288726807,0.0006909370422363281,-24.80077362060547
176662734000,4.0745362639427185e-10,-0.0006226245313882828,6.28642737865448e-09,1.996190071105957,0.0006930828094482422,-24.69780731201172
176669605000,2.9103830456733704e-10,-0.0006034891703166068,5.878973752260208e-09,2.0029423236846924,0.0006892681121826172,-24.596370697021484
176683474000,2.9103830456733704e-10,-0.0005654439446516335,5.187757778912783e-09,2.016693592071533,0.0006968975067138672,-24.391801834106445
176690407000,2.3283064365386963e-10,-0.0005476303631439805,4.867615643888712e-09,2.0234696865081787,0.0007035732269287109,-24.28997230529785
176697477000,1.1641532182693481e-10,-0.0005293573485687375,4.5693013817071915e-09,2.030360221862793,0.0007023811340332031,-24.186954498291016
176704341000,5.820766091346741e-11,-0.0005125239258632064,4.285539034754038e-09,2.03709077835083,0.0007114410400390625,-24.085243225097656
176718192000,1.1641532182693481e-10,-0.0004812412371393293,3.768946044147015e-09,2.0505599975585938,0.0007069110870361328,-23.881608963012695
176725258000,2.9103830456733704e-11,-0.00046593742445111275,3.536115400493145e-09,2.057333469390869,0.0007126331329345703,-23.77899742126465
176732114000,2.9103830456733704e-11,-0.00045081600546836853,3.3178366720676422e-09,2.064072608947754,0.0007224082946777344,-23.677064895629883
176739035000,5.820766091346741e-11,-0.0004365179920569062,3.1213858164846897e-09,2.070563793182373,0.0007107257843017578,-23.5760555267334
176746034000,2.9103830456733704e-11,-0.00042242612107656896,2.9249349609017372e-09,2.0774285793304443,0.0007214546203613281,-23.47370147705078
176759960000,-1.6679405234754086e-07,-0.00039660418406128883,2.5756889954209328e-09,2.090587615966797,0.0007238388061523438,-23.2713680267334
176766808000,-3.097520675510168e-07,-0.00038420528289861977,2.422893885523081e-09,2.097309112548828,0.0007290840148925781,-23.169174194335938
176773740000,-2.655433490872383e-07,-0.0003717407525982708,2.2773747332394123e-09,2.1037895679473877,0.0007276535034179688,-23.068527221679688
176780725000,-2.2767926566302776e-07,-0.0003595538146328181,2.1391315385699272e-09,2.1103122234344482,0.0007264614105224609,-22.967742919921875
176787645000,-1.9508297555148602e-07,-0.00034743829746730626,2.08092387765646e-09,2.117051839828491,0.0007364749908447266,-22.866619110107422
176801537000,-1.4354009181261063e-07,-0.00032619363628327847,1.7571437638252974e-09,2.1300418376922607,0.0007405281066894531,-22.665443420410156
176808505000,2.104497980326414e-07,-0.0003160034248139709,-8.963615982793272e-08,2.1365694999694824,0.0007474422454833984,-22.565814971923828
176815446000,1.3853423297405243e-08,-0.0003061000315938145,-8.405913831666112e-08,2.1429600715637207,0.0007410049438476562,-22.46561622619629
176822361000,3.4528784453868866e-07,-0.00029627562616951764,1.2321834219619632e-08,2.14947509765625,0.0007474422454833984,-22.3660945892334
176829373000,-2.0436709746718407e-07,-0.00028685247525572777,1.9410435925237834e-07,2.155831813812256,0.0007498264312744141,-22.26630973815918
176843237000,-7.246853783726692e-09,-0.00026872687158174813,3.47958120983094e-07,2.168715000152588,0.0007579326629638672,-22.068073272705078
176850163000,-6.199115887284279e-09,-0.0002603995380923152,3.2659227144904435e-07,2.175081729888916,0.0007548332214355469,-21.96947479248047
176857079000,3.28203896060586e-07,-0.00025209301384165883,2.1525193005800247e-07,2.181248664855957,0.0007581710815429688,-21.87178611755371
176864096000,-5.21540641784668e-08,-0.0002444717683829367,1.9481376511976123e-08,2.1877851486206055,0.0007655620574951172,-21.77300453186035
176878025000,3.9067526813596487e-07,-0.00022969175188336521,-2.4541441234759986e-07,2.200514793395996,0.0007696151733398438,-21.577714920043945
176884865000,1.6814738046377897e-07,-0.00022259853722061962,-3.2162279239855707e-07,2.2065396308898926,0.0007636547088623047,-21.480932235717773
176891896000,-1.8945138435810804e-07,-0.000215517109609209,-2.1063897293061018e-07,2.2206501960754395,0.0009469985961914062,-21.313608169555664
176898819000,1.731386873871088e-07,-0.00020773409050889313,-1.4031684258952737e-08,2.2113938331604004,0.0006041526794433594,-21.356225967407227
176905727000,-1.8248101696372032e-08,-0.0002006054564844817,7.815106073394418e-08,2.225271463394165,0.0007722377777099609,-21.190332412719727
176919642000,2.7247006073594093e-07,-0.00018877840193454176,1.5449040802195668e-07,2.237856864929199,0.0007834434509277344,-20.998371124267578
176926649000,2.3357279133051634e-07,-0.00018335404456593096,1.4500619727186859e-07,2.243802070617676,0.0007848739624023438,-20.903804779052734
176933532000,2.0032166503369808e-07,-0.00017736964218784124,4.485264071263373e-08,2.2501232624053955,0.0007874965667724609,-20.8084716796875
176940455000,4.9622030928730965e-09,-0.000171905558090657,-4.918183549307287e-08,2.2561399936676025,0.0007848739624023438,-20.714454650878906
176947437000,-3.292807377874851e-07,-0.00016638738452456892,-1.3743556337431073e-07,2.262176513671875,0.0007871389389038086,-20.62013816833496
176961344000,-3.8497091736644506e-07,-0.0001561714889248833,-2.9802868084516376e-07,2.2744522094726562,0.0007971525192260742,-20.432720184326172
176968262000,-4.968023858964443e-07,-0.00015139748575165868,-3.7100471672602e-07,2.2804462909698486,0.0007984638214111328,-20.340330123901367
176975212000,-5.926995072513819e-07,-0.00014647086209151894,-4.394987627165392e-07,2.2865233421325684,0.0008050203323364258,-20.248064041137695
176982197000,-5.081237759441137e-07,-0.00014191382797434926,-4.125122359255329e-07,2.2924087047576904,0.0008012056350708008,-20.155553817749023
176989110000,-4.356115823611617e-07,-0.00013733991363551468,-3.8717917050234973e-07,2.298415184020996,0.0008108615875244141,-20.06404685974121
177002976000,1.3300450518727303e-08,-0.00012786513252649456,-2.498381945770234e-07,2.310314893722534,0.0008153915405273438,-19.881942749023438
177009984000,1.7815909814089537e-07,-0.00012396177044138312,-5.1944880397059023e-08,2.3161654472351074,0.0008115768432617188,-19.791217803955078
177016887000,-1.808220986276865e-07,-0.0001201149498228915,4.2527972254902124e-08,2.3219473361968994,0.0008187294006347656,-19.701702117919922
177023789000,1.1794327292591333e-08,-0.00011665035708574578,1.3122007658239454e-07,2.3280601501464844,0.0008183717727661133,-19.611928939819336
177037707000,2.946180757135153e-07,-0.00010956118785543367,2.0127117750234902e-07,2.339431047439575,0.0008137226104736328,-19.434438705444336
177044725000,2.5258486857637763e-07,-0.00010576812201179564,1.8891114450525492e-07,2.3455872535705566,0.0008292198181152344,-19.34554672241211
177051589000,-1.1701195035129786e-07,-0.00010234936780761927,8.602910384070128e-08,2.3513407707214355,0.0008361339569091797,-19.258392333984375
