t,p_x,p_y,p_z,v_x,v_y,v_z,q_w,q_x,q_y,q_z,a_c,w_x,w_y,w_z
0.08162253922974465,-0.08273911009567105,-0.04853716885718733,-0.17907005129164885,-2.8742765229794975,-1.513948408864419,-4.2543672552548255,0.800317620286414,-0.3379162494373849,0.4180084642466512,-0.2656562419113466,78.26384706797661,-8.890146065245384,10.99727021083982,-6.989077316317886
0.1632450784594893,-0.5555809824954112,-0.212026397198262,-0.5552020017624842,-8.80055370046114,-1.9719014597050255,-4.415230988289073,0.569321947756075,-0.2884048218538137,0.6770228615468579,-0.3665195247396105,78.2724557100175,-1.631213198464789,8.800017062754236,-0.8488682089151356
0.24486761768923393,-1.510459710217871,-0.33894593300140474,-0.8670968180123977,-14.521687838413103,-1.3051282448866757,-3.385244697365988,0.6167042149538181,-0.3602978394201499,0.5790066740670998,-0.39321205584503854,78.27153156397327,0.6569425680223291,-2.618145764786263,-1.8375649014899194
0.3264901569189786,-2.9087966024175866,-0.4360035510707533,-1.1166726633788284,-19.62068426377647,-1.0339273148662533,-2.6901323884363415,0.5813856598100361,-0.38205181657578424,0.5804917413951126,-0.4231558865220112,78.27033386061042,-0.2301163520091411,0.5785311847802657,-1.0887673492423604
0.40811269614872325,-4.692521927237535,-0.5067403830676118,-1.3042845823740625,-23.953723907385587,-0.7259172486949355,-1.920384009917071,0.57366116374612,-0.4066571104693199,0.560019090862397,-0.43809433133496667,78.26925502342486,0.0019221615157905625,-0.2971183653951335,-0.8347106691707369
0.4897352353784679,-6.797755106417165,-0.5575587082757097,-1.4311606657694356,-27.502320158719506,-0.5299361702239269,-1.1874755300419984,0.5616126858539626,-0.425014372804828,0.5507155238169491,-0.4479640753986723,78.26833880088702,-0.1428046495609194,-0.06416465907715012,-0.6127359105859596
0.5713577746082126,-9.162316629275466,-0.59554536104513,-1.4981028860955539,-30.32134523449953,-0.4179507961538425,-0.45302230456342085,0.5521852110415317,-0.44320873446791553,0.5419304363638462,-0.45274052583024776,78.26758033328639,-0.18768926297483646,-0.14365765703011787,-0.5062540174827924
0.6529803138379572,-11.730349745642165,-0.6285831674220282,-1.5047476446494772,-32.505442538139846,-0.40857230301113856,0.2949582148031139,0.5426667827138782,-0.46146659737343665,0.5358681129683733,-0.4532228080712746,78.26696105051062,-0.27676851225302174,-0.15294854210151465,-0.42042488201572087
0.7346028530677018,-14.454364566365852,-0.665184742074216,-1.4487500055722784,-34.16091350972113,-0.5071706899744449,1.0870964089049602,0.5332047486557889,-0.48106918386693065,0.5315157787161309,-0.4491761430966963,78.26645937186387,-0.3724789098602405,-0.19710017181018294,-0.35789779199056654
0.8162253922974464,-17.29532616731847,-0.7146360630486486,-1.3250858331399635,-35.38605741333962,-0.7254591158067656,1.959868129971907,0.5232787179382792,-0.5027911603952204,0.5289333032158039,-0.440013677660887,78.26605848697805,-0.49176719775942973,-0.25157434731717354,-0.30291055067510575
0.897847931527191,-20.22147528450132,-0.787267060087659,-1.125398172198052,-36.259311468120906,-1.0779346523407884,2.957796544489566,0.5124265527191121,-0.5274567687405569,0.5278683033348827,-0.42492901679429546,78.26575376554241,-0.634081956990513,-0.3248363432157092,-0.2564266565257575
0.9794704707569356,-23.20638065967357,-0.8948148595113896,-0.83739024753376,-36.831604999176214,-1.584967630610546,4.133523590525799,0.49985088895955476,-0.5561581400908778,0.5280218708465446,-0.40253049822814413,78.26556129608203,-0.8144181706502619,-0.42384364160523796,-0.2190045087968786
1.0318236843429924,-25.141429633432473,-0.9867367378959035,-0.6004074335053234,-37.0826559739392,-1.909738894834606,4.904090318497223,0.49468987860638103,-0.5544553984262941,0.5285452261137634,-0.41048940777090853,78.25572423631145,0.07535828539478483,0.30938595094445415,-0.18587652302707772
1.0841768979290491,-27.088365492218372,-1.0930056653964695,-0.3254556631894554,-37.28721927398614,-2.132979334171025,5.585454306567621,0.4888938598758159,-0.5520234902232262,0.5298477698513596,-0.41894454172880224,78.25553248469892,0.07348866733794038,0.35887999260959275,-0.1739858804717578
1.1365301115151059,-29.044964323254487,-1.208332607770324,-0.016925219709477263,-37.45281293976818,-2.256405290044244,6.189305917391045,0.4821674465672177,-0.5495384343193664,0.5319935563230136,-0.4272062100851398,78.2553654925847,0.03744841247694366,0.39023342444787523,-0.16640518799736156
1.1888833251011626,-31.00933885659949,-1.3275606484815416,0.3214825116621476,-37.58516234861608,-2.2820706382928115,6.7287673211631605,0.4744139196397839,-0.5467050410012495,0.5350496853656448,-0.4356225692783793,78.2552193779372,0.010588371412810832,0.4368111302968512,-0.1598273075225614
1.2412365386872193,-32.97987594205468,-1.4455674816664914,0.6866962556091538,-37.68887752576537,-2.2095536200440242,7.215198090358159,0.4654494828311481,-0.5434604168473611,0.5391062402766341,-0.4442658277564575,78.25509218197654,-0.019260605190125193,0.4912799320598181,-0.15479227542413238
1.293589752273276,-34.95516397311141,-1.5571624327339615,1.076220120412943,-37.76703886895227,-2.036564483190326,7.659127295768241,0.45507524670442995,-0.5396495377999354,0.5442712639928964,-0.4532700785307582,78.25498432954004,-0.04984071392563447,0.5571360166520606,-0.1504639417031856
1.3459429658593327,-36.933909415178285,-1.6569792209389005,1.4880827941438783,-37.82102886108542,-1.7587005306123817,8.070106312452374,0.4430583135165651,-0.535102823284524,0.5506719130259501,-0.46273620715596764,78.25489929613171,-0.0827083080613312,0.6350460277968752,-0.14616677498906816
1.3982961794453894,-38.914840314125726,-1.7393670342560743,1.920790668916692,-37.85023637278715,-1.3694962774536628,8.456834593129953,0.4291404957898005,-0.529605310192426,0.5584511833583389,-0.472746194236091,78.25484453638121,-0.11840628577332846,0.7263092692422857,-0.14079309909207663
1.4506493930314461,-40.89659283047295,-1.7982845203783167,2.373283633966292,-37.851692087896,-0.8605332619802597,8.82717669915637,0.4130480672830595,-0.522893813883896,0.5677606589153034,-0.48334378533565836,78.25483269724937,-0.15760593328756523,0.83162456598971,-0.13284341328853722
1.5030026066175028,-42.87757620864935,-1.8272050330769523,2.844891228778549,-37.819613583918915,-0.2217642069041564,9.188143483592658,0.3945123026193024,-0.5146459292596633,0.5787480658688595,-0.494520279012092,78.25488304891859,-0.20060509372271615,0.9510635327398038,-0.12025426253907036
1.5553558202035596,-44.85581263228907,-1.8190472738213181,3.3352856146825802,-37.74491624233989,0.5577944869376588,9.545788739197848,0.3733162982716634,-0.5044819491305637,0.59152956224171,-0.5061874116100004,78.25502287948082,-0.24708777533271314,1.0828128667649835,-0.10026986538336456
1.6077090337896163,-46.82875257034075,-1.7661530399697343,3.844426694689182,-37.61478030337997,1.488999980059152,9.905009023091575,0.34933111557275026,-0.491950643808732,0.6061719823551169,-0.5181774542580766,78.25528826766609,-0.2957871024221505,1.2244510647596272,-0.06944872276849923
1.6697005683387025,-49.15527250297239,-1.6396600818782496,4.471058681162043,-37.45448363641569,2.547980293396476,10.301636492361219,0.35842232960643156,-0.49885539157853415,0.5996166530109703,-0.5129684281694746,78.25962977074494,0.07419465945561765,-0.44979541383602006,-0.02838630626781553
1.7316921028877887,-51.47355726000892,-1.4554833078197076,5.120492319352866,-37.346781505474894,3.3532439034158465,10.641905619050576,0.36875163994730636,-0.505487738899752,0.5933212758609728,-0.5064328603320146,78.25944833690814,0.06730681009274132,-0.4875861015456408,0.01689828223912918
1.793683637436875,-53.786476375724135,-1.2287591246506175,5.7894721590409715,-37.27957617512343,3.923795478656404,10.933554770257874,0.37998623517116986,-0.5119281446458505,0.5872776738650024,-0.4986431314783085,78.25928245861314,0.05623295863492305,-0.5192408544862384,0.054391991081152
1.8556751719859612,-56.09624859999149,-0.9735427200619651,6.475217239897597,-37.244025641743036,4.274245176315892,11.18391910632843,0.3924187967349808,-0.5185914698760055,0.5810643946416423,-0.48932049475242506,78.25912889701178,0.04697149883481992,-0.5729307553071531,0.08543275041804549
1.9176667065350474,-58.40462490517371,-0.7032130942662437,7.175368921434938,-37.23349223912377,4.412154694243999,11.39931616757031,0.40622868334749074,-0.5257957846408494,0.574329141302135,-0.47818729429248347,78.25898702107622,0.0374648478695835,-0.6442055730473597,0.1112267565478198
1.9796582410841337,-60.7129641300959,-0.4308728739818111,7.88792880322429,-37.24172453580634,4.338781825361342,11.58500865132026,0.42165218073212374,-0.5338867419188291,0.5666336329189893,-0.4648663379785899,78.25886030779289,0.02749370950037561,-0.7375024215823868,0.132079488848664
2.04164977563322,-63.02221109484153,-0.16974875430363137,8.611186712439245,-37.26133952119263,4.048903967012519,11.74500641331387,0.43890864372164273,-0.5432055594127315,0.5574685982095092,-0.4489049846774949,78.2587585048338,0.016132328181960594,-0.8549329822495647,0.14773611947775678
2.103641310182306,-65.33277377629615,0.06641567695975463,9.343637540725718,-37.28208820273429,3.531140003077169,11.881876224534535,0.4581731783469123,-0.5540810238058693,0.5462249295821219,-0.42977887848124746,78.25870068271595,0.0024653290757133363,-0.9985504697709424,0.1572151133566186
2.1656328447313924,-67.6442853273717,0.2630009828381734,10.08388395987205,-37.28885974824827,2.768842174018348,11.996478623237644,0.4795135746973116,-0.5667852528418544,0.5321903949752077,-0.40693315495637034,78.25871914183045,-0.014314351286727648,-1.1683323508252252,0.1588736227683912
2.2276243792804786,-69.95523518412232,0.4042449278132259,10.83052254330736,-37.25949650398768,1.742298486902489,12.087725747403587,0.5027893095067213,-0.5814644284212495,0.5145848624886712,-0.37987425315725387,78.25886336811209,-0.034942136383783844,-1.3599239782393127,0.15026256435140145
2.289615913829565,-72.26247219963557,0.47317142472295914,11.582015207655902,-37.163010953391456,0.43296047632662193,12.152303776858071,0.5275806415042131,-0.5980038252065408,0.49265310700819465,-0.34834323309277804,78.25920161234818,-0.0579220345819,-1.5621626595740974,0.12934569790249473
2.351607448378651,-74.56063989995634,0.4518661970104219,12.336560891081307,-36.9594428920479,-1.1694298460708321,12.185324005433934,0.5529325212854143,-0.6160156528355138,0.4659059523264396,-0.3126051600010626,78.2598153631338,-0.08493907948717423,-1.750998611902672,0.09094075466707235
2.435004557682377,-77.6302729067456,0.26434025801812283,13.353160468983118,-36.68242851559678,-3.2364031162958313,12.188333289826863,0.5495173491632661,-0.6065975709043957,0.4745983100496844,-0.3237692297037817,78.26591692869718,0.13401363512779696,0.3889734699913539,0.06000487485919531
2.5184016669861027,-80.68272980911951,-0.07389213655027854,14.368275565556141,-36.53892030901864,-4.796463119513028,12.147404514676362,0.545576581764138,-0.5975377093233929,0.4814954268813741,-0.33683383633335623,78.26570984561208,0.15721893482504057,0.3961648017398853,0.0006821239118288858
2.6017987762898285,-83.72735853677393,-0.5235661129298012,15.377724094450585,-36.48969340706036,-5.919638915262311,12.050658196581907,0.5415117005850165,-0.5882282079684953,0.48712999363740356,-0.35136451557354814,78.26553411607972,0.18583656079791475,0.4041066968825127,-0.03471398225428249
2.6851958855935543,-86.77102982752695,-1.0506022028267727,16.376403546038848,-36.51350733169989,-6.658817444363772,11.887210882979447,0.5372616201328502,-0.577690143503991,0.49224462783425343,-0.36785768446031525,78.26538038144069,0.22649122936123461,0.43756251534152635,-0.05474421359723119
2.76859299489728,-89.81934966995014,-1.6244867479017386,17.358228194303685,-36.599867150515,-7.0472125183959315,11.643968694655646,0.5328036461839232,-0.5648486395174428,0.49745581275427725,-0.3867867673775753,78.26524188912092,0.2812039689126695,0.49534419775498933,-0.05943596354375111
2.851990104201006,-92.87725898490795,-2.216710327454002,18.31585127808752,-36.742411632999485,-7.099499158732216,11.303429324080835,0.5280531839714757,-0.548333219544968,0.503379791870309,-0.4087778129840851,78.26511759007562,0.3541236436537379,0.5835291516792974,-0.04778948307485689
2.9353872135047316,-95.94915424594713,-2.799189028618799,19.24021708391035,-36.933454973883016,-6.81116756652928,10.841841417020282,0.5228775444762387,-0.5264360124758447,0.5105372384847497,-0.4345295460382042,78.26501687971228,0.4500354943138971,0.7065578816486817,-0.018390324890576223
3.0187843228084574,-99.0385157551094,-3.34266594766133,20.119986968633803,-37.15743383791656,-6.158704828651147,10.228103399953502,0.517004016809702,-0.4971325055593978,0.5191670589252544,-0.4647920862630498,78.26496750052699,0.5740694574503039,0.8678211070424421,0.027053933265024584
3.1021814321121832,-102.14690288276586,-3.8152044699219796,20.940936147518745,-37.382119905206416,-5.10211713840017,9.424418659172405,0.5098542254675116,-0.4583246641584796,0.5289021056999074,-0.5002496712515428,78.26502721883415,0.7292291320608131,1.0655342548450213,0.07995715394496633
3.185578541415909,-105.2721264616588,-4.18114327144885,21.68556861049102,-37.548064368887545,-3.59456667414307,8.391555235811659,0.5003992177233852,-0.40857005833128723,0.5384690403043425,-0.5410380975229363,78.2652954653671,0.9076723026089446,1.2830449131131918,0.12417196221218782
3.268975650719635,-108.40563286727917,-4.401301342753112,22.33345481163091,-37.56175981472148,-1.6028479880909925,7.101006668722002,0.48720057086673585,-0.34805476713914874,0.5458022383475526,-0.5861684053547863,78.26590953820848,1.0855940824629124,1.4872901958105866,0.14061372610297687
3.3523727600233606,-111.52996347406113,-4.435515040961904,22.862985095043094,-37.30818013782553,0.855672581087172,5.557877670401482,0.4693858199056891,-0.2808930604919892,0.5489243706170712,-0.6320269582815262,78.26699762220132,1.1937568408177,1.5983992993135243,0.1190610085999468
3.4058956150842685,-113.52068463752092,-4.346577991568199,23.13331657956371,-37.099583144300816,2.4188173057226847,4.566917127628442,0.47748629628138817,-0.29387368880882,0.5455870963169438,-0.6228802551344603,78.25898789209097,-0.2514636080663559,-0.6272942977661523,0.05045791362778489
3.4594184701451764,-115.50318778754804,-4.181693853061428,23.354211320779438,-36.99646114520849,3.695668845303316,3.7083409717763693,0.48527240532584626,-0.3091594627611785,0.5410192809678125,-0.6133752985325034,78.25846828289421,-0.27471223392999405,-0.7004409654593201,-0.010978544453571657
3.5129413252060844,-117.48242974349691,-3.955855971054002,23.53240005654907,-36.97395284461094,4.698588105240727,2.9688675048800723,0.49291709200325856,-0.3259862613427241,0.5350761122554137,-0.6037046065201442,78.2579759457084,-0.2761202153335644,-0.7597689402687067,-0.05826107822948413
3.5664641802669923,-119.462191231114,-3.683446542963335,23.673928911036395,-37.0132417968412,5.436990334747533,2.336764152162203,0.5008907107427023,-0.3445044251894569,0.5275829074208689,-0.5933645361207374,78.25751361226423,-0.28168853588982784,-0.8412249491202144,-0.09121459925963976
3.6199870353279002,-121.44539522817439,-3.3784900845537265,23.784289071024464,-37.1005163460401,5.915148513414809,1.802774493107279,0.5095721721180311,-0.36473625976249346,0.5183134593995987,-0.5819405640040264,78.25708516465522,-0.2866425291965267,-0.9404047704706695,-0.11188689638387178
3.673509890388808,-123.43429758434837,-3.0549007101120305,23.868524648467815,-37.22433230119202,6.132808783795129,1.359481343885009,0.5193396412784511,-0.3868144494956729,0.5069847335627281,-0.5688825877123819,78.25669883414324,-0.29387507294872517,-1.0631161906661786,-0.12098861194612974
3.727032745449716,-125.4305585813915,-2.7267346192200366,23.931334394957588,-37.373493413383855,6.084943042730662,1.0013892283212564,0.530521427053924,-0.4108741125236131,0.493257220127532,-0.5535583021652495,78.256370948226,-0.3038411761330618,-1.2114116824319594,-0.11915841704448113
3.780555600510624,-127.43519438394776,-2.408437534416435,23.977175000862108,-37.534730298892235,5.762126788425074,0.7249672516109953,0.5433556670939125,-0.4370142063875801,0.47675077114480535,-0.5352493854967014,78.25613026053084,-0.3172628416711182,-1.3859250164633,-0.10682477824126332
3.834078455571532,-129.44840214216464,-2.115053719254143,24.010368685084078,-37.69030077963985,5.1517096556904045,0.5287258571185183,0.5579209905120721,-0.46522074021112253,0.4570829474804806,-0.513194904842048,78.25602229864566,-0.3344751854556232,-1.583607293542695,-0.08459217850144371
3.88760131063244,-131.4692587902902,-1.8623319998190442,24.035210834767938,-37.81575763305567,4.240678203328279,0.41310929796499024,0.5740206015966504,-0.4952342853715696,0.433983042924843,-0.486725867403596,78.25611185474098,-0.3550968627404755,-1.792978854302846,-0.05365698549907138
3.941124165693348,-133.49532057059483,-1.666631933222768,24.056064025698216,-37.87862209576636,3.0200154522685385,0.3800914491853037,0.5911585335368222,-0.5265398057444098,0.4073527430582225,-0.4553582808388483,78.25647977656712,-0.37886924240961484,-1.9999641323538035,-0.01597068050181855
3.9946470207542557,-135.5222122955354,-1.5445166677699018,24.077412278219168,-37.839854486261245,1.493100179903989,0.4319064797172745,0.6082707614430679,-0.557932577393972,0.3778213983993094,-0.4194864846235268,78.25720899384049,-0.40054329499511937,-2.154008362429182,0.024704655567631417
4.046811103136289,-137.4939695989134,-1.5069870631323097,24.102283743576912,-37.76696462432253,-0.013742293822117113,0.5206437681037831,0.6044439495389348,-0.5526192402299968,0.38598994938831305,-0.42458361506645415,78.25686644471833,-0.015487909846873359,0.4404383043097602,0.07128674829105419
4.098975185518322,-139.46312273237626,-1.5419014472896821,24.131638557909014,-37.73760627481184,-1.2874925366106493,0.6041172619038,0.6007012825008986,-0.5465417033423693,0.39520464295621727,-0.4292591593880093,78.2565014674625,-0.019264113976526512,0.466947200041472,0.11590292992042754
4.151139267900355,-141.431596552222,-1.6375983580666542,24.165258267763853,-37.73901198852169,-2.3476497838198442,0.6846017037507082,0.597254219096508,-0.5400253740354601,0.4050726992084707,-0.4331005674848639,78.25614323742633,-0.026356327671534962,0.4672591128343699,0.16032033468958393
4.203303350282388,-143.40074115056356,-1.7834295520654118,24.203051823900175,-37.76216256728387,-3.212233119030345,0.7645152528460751,0.5939749529704454,-0.5328030059669806,0.41584297136061704,-0.43633626400682957,78.25578265027347,-0.031103446778220564,0.48449814099086136,0.20662451258661663
4.255467432664421,-145.37153424597867,-1.9695666238990712,24.245047115351774,-37.80147478743194,-3.895056324930404,0.8460670477788592,0.5908037031931095,-0.5247024183189062,0.42765113882072137,-0.4390362855461973,78.25540894043299,-0.03480117146532369,0.5101652324348135,0.2558377382231914
4.307631515046454,-147.34472096855708,-2.186816817238413,24.29138695438594,-37.85348800523636,-4.406567134425032,0.9314557667015982,0.587636843641863,-0.5154511558585763,0.44071297468988635,-0.44132201388653847,78.25500989286786,-0.036544204332978655,0.5495316699515852,0.3093880484632932
4.359795597428487,-149.32090445815857,-2.426435383337236,24.342329753573626,-37.91608171828324,-4.75348318538131,1.0229349057141557,0.5843516083722836,-0.5047100097874164,0.4552718507837872,-0.4433154021898645,78.25457189047567,-0.03558688095642825,0.6047025035910452,0.3687389777934165
4.41195967981052,-151.30059578568057,-2.6799256898705974,24.398255293475597,-37.987729578958884,-4.938523799610293,1.1229212537637538,0.5807882899279463,-0.4920341283353505,0.471611105092041,-0.4451632785574871,78.25407992630153,-0.030422713353933845,0.6795294146713455,0.43550708712069564
4.464123762192553,-153.2842264370756,-2.938818016536072,24.459676468747436,-38.06677762951728,-4.959912643426873,1.2341305788877968,0.5767376345554812,-0.47684873854056314,0.4900450462031133,-0.4470400814533435,78.25351777278883,-0.01896344504673555,0.7783891462211411,0.5114557851453996
4.516287844574586,-155.27212040820436,-3.194416745823865,24.527258302460627,-38.150597584335145,-4.810595208594643,1.359690209837621,0.5719104755385653,-0.4583781637648793,0.5109116279322151,-0.4491961441038985,78.2528686434644,0.0030377593909364127,0.908228299055255,0.5982006037001221
4.5684519269566195,-157.2644145935162,-3.4375048084240336,24.601846361042927,-38.23440306013531,-4.477586467143109,1.5035059373847637,0.5659217307723341,-0.4356773869710046,0.5345291696443633,-0.451880932022262,78.25211699233861,0.03836621063035465,1.0735278553192766,0.6978618996204131
4.620616009338653,-159.26090276665659,-3.6579917547348493,24.68450619009559,-38.309436096073185,-3.9396837981616164,1.669878398138568,0.558133781642685,-0.4072151776625235,0.561168565877146,-0.45579855520019485,78.25125269076351,0.10625453757124802,1.2965259649719385,0.8085785396249556
4.690757787465152,-161.9510268317068,-3.905813107879316,24.809989721741015,-38.39361686049366,-3.1526557294633517,1.9062892527244815,0.5794050453309867,-0.3838645805583991,0.5791723481845251,-0.4260248478792284,78.25823245915628,-0.0918315354323765,-0.09610886492530137,1.3334526977905607
4.760899565591652,-164.6466347847119,-4.103646953573803,24.95184535438324,-38.46558822835955,-2.510819445925467,2.138982698402753,0.6019681771036882,-0.3546183597802136,0.6002597314410969,-0.3893178544977664,78.2561959324364,-0.13228267389932935,-0.07077122735777071,1.595152330316812
4.831041343718152,-167.3468581673577,-4.260893024450895,25.11003916425192,-38.52499669401897,-1.9911337003426672,2.3709427685969255,0.626450819190892,-0.316217164248808,0.6234568779480327,-0.34477181385156747,78.25296291155543,-0.1133422021775631,-0.04504543727197347,1.929677799174623
4.901183121844651,-170.05084329041804,-4.385411151467415,25.285430513947105,-38.57282524640396,-1.576507808870951,2.644028578748645,0.6464752896324182,-0.27001754662060456,0.6534366475751958,-0.28667189592810577,78.24729254505874,-0.32214563852088857,0.10997640034800774,2.328910200891118
4.971324899971151,-172.7577648795754,-4.483689165093874,25.47972199274869,-38.6078579164381,-1.2301991403291754,2.8661644550487613,0.6800681545353972,-0.20006174130493712,0.6682593293344034,-0.225637046510857,78.23541787514688,0.2902873879257584,-0.2511790266996542,2.8218920278016744
5.041466678097651,-175.44571921060808,-4.547901186128881,25.622029795487627,-37.59035195254875,-0.4922515580322206,0.4905435988171734,0.9000604102237568,-0.002906902360017942,0.24562711492113623,-0.35993072739930043,78.17941129479777,10.88262209942525,-10.879112577633618,0.1650263947993608
5.11160845622415,-177.92856991530283,-4.548297439351546,25.50714114118583,-32.5231182578311,0.43231998174220515,-3.610687080225698,0.8619395923212175,0.1953615538119319,-0.2502809372411005,-0.3952890796888695,76.26401883244198,10.960346294769055,-10.960277781940896,0.05136671080066347
5.18175023435065,-179.93626137463835,-4.504204531193241,25.19439327531376,-24.639278266012763,0.6616918920081057,-4.485748480165514,0.5766073839867819,0.33802597199212814,-0.6701647136128601,-0.32270983254783886,78.21411865915115,10.871172522887164,-10.868268094345517,-0.11704962396000293
5.25189201247715,-181.40877578007957,-4.46652224089189,24.93421309626348,-17.525873241544392,0.43621121290108955,-3.0470884943200076,0.5959663158380356,0.3531323522684542,-0.628978818655714,-0.3528561172538193,78.25419399003466,-0.8937390561809937,0.8959936844478036,-1.003673958364433
5.3220337906036495,-182.41476175143325,-4.44132335147662,24.75871372224982,-11.270239024252442,0.2820636002569121,-1.9639382134549068,0.5826875834099314,0.3692786513128039,-0.6250762295546071,-0.3652237164242992,78.2645023759072,0.14702566470802056,-0.13392219328938085,-0.6727041529752275
5.392175568730149,-183.00153036424157,-4.426774949701348,24.657100611453302,-5.519896751577498,0.13577130803817572,-0.9497536917754269,0.5793097042650208,0.37814897114257523,-0.6171389910007247,-0.3748911329399907,78.26927476383197,-0.0720210597573666,0.06225299110265502,-0.4374865903412677
5.462317346856649,-183.19446230198477,-4.422031434661758,24.62398108207359,0.0,0.0,0.0,0.5771875565393375,0.3823863790695758,-0.6135615939467501,-0.37970727918293046,78.27184426587843,-0.03011376062692903,0.015115509206920917,-0.21537796441668763
