k,phase,seg,sim_time_ns,a_thrust,a_roll,a_pitch,a_yaw,cmd_wx,cmd_wy,cmd_wz,cmd_thrust,collective,gyro_x,gyro_y,gyro_z,accel_x,accel_y,accel_z
-1,boot,boot,3722651000,,,,,0.0,0.0,0.0,1.5,0.3984,0.0,0.0,-0.0,-2.9991872310638428,0.0009154081344604492,-9.340288162231445
-1,boot,boot,3743378000,,,,,0.0,0.0,0.0,1.5,0.3984,0.004972915165126324,-0.010892096906900406,0.0033229009713977575,-2.9759960174560547,-0.05680489540100098,-8.364203453063965
-1,boot,boot,3778088000,,,,,0.0,0.0,0.0,1.5,0.3984,-0.001615252811461687,0.006225195247679949,-0.0004931202856823802,-0.0005782842636108398,-0.00012695789337158203,-11.077448844909668
-1,boot,boot,3798932000,,,,,0.0,0.0,0.0,1.5,0.3984,-0.0007318914867937565,0.005430102348327637,-0.0007501445943489671,-0.0012614727020263672,-6.842613220214844e-05,-14.078113555908203
-1,boot,boot,3819845000,,,,,0.0,0.0,0.0,1.5,0.3984,-0.00011163379531353712,0.0017043491825461388,-0.0004220180562697351,-0.0018689632415771484,-1.0013580322265625e-05,-15.989453315734863
-1,boot,boot,3847537000,,,,,0.0,0.0,0.0,1.5,0.3984,-0.0002473139902576804,0.0014399117790162563,8.504425932187587e-05,-0.0037698745727539062,-3.3855438232421875e-05,-17.39671516418457
-1,boot,boot,3882261000,,,,,0.0,0.0,0.0,1.5,0.3984,-0.00025274965446442366,0.0016584389377385378,0.00017382059013471007,-0.007046937942504883,-2.7418136596679688e-05,-18.151412963867188
-1,boot,boot,3910057000,,,,,0.0,0.0,0.0,1.5,0.3984,-0.00020203692838549614,0.0013459533220157027,2.3992659407667816e-05,-0.010457992553710938,-2.6464462280273438e-05,-18.368412017822266
-1,boot,boot,3930917000,,,,,0.0,0.0,0.0,1.5,0.3984,-0.0001882712822407484,0.0012303134426474571,-4.56871057394892e-05,-0.013567447662353516,-2.193450927734375e-05,-18.42127799987793
-1,boot,boot,3958738000,,,,,0.0,0.0,0.0,1.5,0.3984,-0.0001682641450315714,0.0011009357403963804,-4.400924080982804e-05,-0.018156766891479492,-2.5987625122070312e-05,-18.41567039489746
-1,boot,boot,3979483000,,,,,0.0,0.0,0.0,1.5,0.3984,-0.00015218491898849607,0.0009996917797252536,-1.285530743189156e-05,-0.022019147872924805,-1.52587890625e-05,-18.379364013671875
-1,boot,boot,4007355000,,,,,0.0,0.0,0.0,1.5,0.3984,-0.0001342344330623746,0.0008809939026832581,1.3226686860434711e-05,-0.02790093421936035,-1.9550323486328125e-05,-18.307645797729492
-1,boot,boot,4035051000,,,,,0.0,0.0,0.0,1.5,0.3984,-0.0001188382157124579,0.0007776990532875061,1.098147185984999e-05,-0.034454345703125,-1.9311904907226562e-05,-18.221210479736328
-1,boot,boot,4055949000,,,,,0.0,0.0,0.0,1.5,0.3984,-0.00010811822721734643,0.000708030944224447,2.5359331630170345e-06,-0.039700984954833984,-1.5020370483398438e-05,-18.151002883911133
-1,boot,boot,4083688000,,,,,0.0,0.0,0.0,1.5,0.3984,-9.537657024338841e-05,0.0006251056911423802,-3.728229785338044e-06,-0.04734516143798828,-1.1205673217773438e-05,-18.052658081054688
-1,boot,boot,4111460000,,,,,0.0,0.0,0.0,1.5,0.3984,-8.435582276433706e-05,0.0005517255049198866,-2.8515642043203115e-06,-0.05569577217102051,-1.4066696166992188e-05,-17.95038604736328
-1,boot,boot,4132323000,,,,,0.0,0.0,0.0,1.5,0.3984,-7.66351877246052e-05,0.0005019910167902708,-7.708149496465921e-07,-0.062367916107177734,-1.239776611328125e-05,-17.87192726135254
-1,boot,boot,4160096000,,,,,0.0,0.0,0.0,1.5,0.3984,-6.750869215466082e-05,0.0004432452842593193,8.005954441614449e-07,-0.07189655303955078,-1.33514404296875e-05,-17.765249252319336
-1,boot,boot,4187895000,,,,,0.0,0.0,0.0,1.5,0.3984,-5.986480391584337e-05,0.0003913413966074586,7.319031283259392e-07,-0.08189249038696289,-9.775161743164062e-06,-17.657039642333984
-1,boot,boot,4208702000,,,,,0.0,0.0,0.0,1.5,0.3984,-5.4296746384352446e-05,0.00035628577461466193,2.165616024285555e-07,-0.0898282527923584,-6.67572021484375e-06,-17.574758529663086
-1,boot,boot,4236543000,,,,,0.0,0.0,0.0,1.5,0.3984,-4.8153771786019206e-05,0.00031438929727301,-1.2200325727462769e-07,-0.10312891006469727,-9.059906005859375e-06,-17.457738876342773
-1,boot,boot,4264236000,,,,,0.0,0.0,0.0,1.5,0.3984,-4.2175641283392906e-05,0.0002776712644845247,-2.586639311630279e-07,-0.11295866966247559,-6.198883056640625e-06,-17.3507137298584
-1,boot,boot,4285155000,,,,,0.0,0.0,0.0,1.5,0.3984,-3.83807928301394e-05,0.000253100908594206,-2.999295247718692e-07,-0.12222957611083984,-9.298324584960938e-06,-17.265573501586914
-1,boot,boot,4312910000,,,,,0.0,0.0,0.0,1.5,0.3984,-3.4025884815491736e-05,0.00022293538495432585,1.4308170648291707e-08,-0.1350569725036621,-1.430511474609375e-06,-17.151081085205078
-1,boot,boot,4333742000,,,,,0.0,0.0,0.0,1.5,0.3984,-3.09557217406109e-05,0.00020303064957261086,1.8615173758007586e-07,-0.14506101608276367,2.384185791015625e-06,-17.064725875854492
-1,boot,boot,4368449000,,,,,0.0,0.0,0.0,1.5,0.3984,-2.6664056349545717e-05,0.0001740361039992422,8.998540579341352e-08,-0.16249895095825195,9.5367431640625e-07,-16.919761657714844
-1,boot,boot,4389353000,,,,,0.0,0.0,0.0,1.5,0.3984,-2.4129869416356087e-05,0.00015806875308044255,-4.887442628387362e-08,-0.17331361770629883,7.152557373046875e-07,-16.832191467285156
-1,boot,boot,4424107000,,,,,0.0,0.0,0.0,1.5,0.3984,-2.0570179913192987e-05,0.00013534394383896142,7.248672773130238e-09,-0.19220900535583496,4.0531158447265625e-06,-16.685317993164062
-1,boot,boot,4444855000,,,,,0.0,0.0,0.0,1.5,0.3984,-1.876172609627247e-05,0.00012300361413508654,8.605638868175447e-09,-0.20382022857666016,2.1457672119140625e-06,-16.59729766845703
-1,boot,boot,4472711000,,,,,0.0,0.0,0.0,1.5,0.3984,-1.6741149011068046e-05,0.00010899770131800324,6.650225259363651e-09,-0.21985912322998047,-7.62939453125e-06,-16.479284286499023
-1,boot,boot,4500435000,,,,,0.0,0.0,0.0,1.5,0.3984,-1.4595345419365913e-05,9.64813370956108e-05,5.205947672948241e-09,-0.2364203929901123,2.6226043701171875e-06,-16.36115837097168
-1,boot,boot,4521327000,,,,,0.0,0.0,0.0,1.5,0.3984,-1.3230222975835204e-05,8.738496399018914e-05,-3.593959263525903e-08,-0.24904632568359375,-4.0531158447265625e-06,-16.272640228271484
-1,boot,boot,4549006000,,,,,0.0,0.0,0.0,1.5,0.3984,-1.1911448382306844e-05,7.735875260550529e-05,6.061145541025326e-08,-0.26662635803222656,3.0994415283203125e-06,-16.15395736694336
-1,boot,boot,4569974000,,,,,0.0,0.0,0.0,1.5,0.3984,-1.1014904885087162e-05,7.063333760015666e-05,1.33132743940223e-07,-0.2799983024597168,-4.76837158203125e-06,-16.064952850341797
-1,boot,boot,4597661000,,,,,0.0,0.0,0.0,1.5,0.3984,-9.359344403492287e-06,6.211380241438746e-05,6.311347533483058e-08,-0.29805755615234375,4.76837158203125e-07,-15.947534561157227
-1,boot,boot,4625486000,,,,,0.0,0.0,0.0,1.5,0.3984,-8.376911864615977e-06,5.510966366273351e-05,-1.253156369784847e-07,-0.3166992664337158,6.198883056640625e-06,-15.82960319519043
-1,boot,boot,4646294000,,,,,0.0,0.0,0.0,1.5,0.3984,-7.778529834467918e-06,5.0027309043798596e-05,-9.820178092923015e-08,-0.33091306686401367,-1.430511474609375e-06,-15.741655349731445
-1,boot,boot,4674069000,,,,,0.0,0.0,0.0,1.5,0.3984,-6.732658221153542e-06,4.393227573018521e-05,1.2760574463754892e-07,-0.35048532485961914,1.9073486328125e-06,-15.62427806854248
-1,boot,boot,4701786000,,,,,0.0,0.0,0.0,1.5,0.3984,-5.870744644198567e-06,3.894625842804089e-05,-6.739128366461955e-08,-0.3701589107513428,-1.430511474609375e-06,-15.507964134216309
-1,boot,boot,4729614000,,,,,0.0,0.0,0.0,1.5,0.3984,-5.246629370958544e-06,3.4238837542943656e-05,7.63798198022414e-08,-0.3949834108352661,1.1920928955078125e-06,-15.381194114685059
-1,boot,boot,4750426000,,,,,0.0,0.0,0.0,1.5,0.3984,-4.701480065705255e-06,3.1287425372283906e-05,6.315440259641036e-08,-0.4057070016860962,1.9073486328125e-06,-15.305610656738281
-1,boot,boot,4778206000,,,,,0.0,0.0,0.0,1.5,0.3984,-4.468482075026259e-06,2.754935121629387e-05,4.9012214731192216e-08,-0.42649805545806885,3.814697265625e-06,-15.190654754638672
-1,boot,boot,4799066000,,,,,0.0,0.0,0.0,1.5,0.3984,-3.687087883008644e-06,2.5014523998834193e-05,4.052708391100168e-08,-0.4424271583557129,5.4836273193359375e-06,-15.105035781860352
-1,boot,boot,4826841000,,,,,0.0,0.0,0.0,1.5,0.3984,-3.1379840947920457e-06,2.2590036678593606e-05,7.675316737731919e-08,-0.46390557289123535,-5.960464477539062e-07,-14.991887092590332
-1,boot,boot,4854659000,,,,,0.0,0.0,0.0,1.5,0.3984,-3.09111965179909e-06,1.9587572751333937e-05,-1.0685289453249425e-07,-0.4856679439544678,7.152557373046875e-07,-14.87950611114502
-1,boot,boot,4882361000,,,,,0.0,0.0,0.0,1.5,0.3984,-2.5675954020698555e-06,1.733857970975805e-05,-1.178589172923239e-07,-0.5076855421066284,2.5033950805664062e-06,-14.768336296081543
-1,boot,boot,4910174000,,,,,0.0,0.0,0.0,1.5,0.3984,-2.2456088117905892e-06,1.538246579002589e-05,7.495600584661588e-08,-0.5299646854400635,2.86102294921875e-06,-14.658097267150879
-1,boot,boot,4930981000,,,,,0.0,0.0,0.0,1.5,0.3984,-2.1570067474385723e-06,1.4269240637077019e-05,1.4501961231871974e-07,-0.5470077991485596,3.4570693969726562e-06,-14.575740814208984
-1,boot,boot,4958806000,,,,,0.0,0.0,0.0,1.5,0.3984,-1.8693481251830235e-06,1.2377806342556141e-05,-8.23365553515032e-09,-0.5697034597396851,4.5299530029296875e-06,-14.46760082244873
-1,boot,boot,4979598000,,,,,0.0,0.0,0.0,1.5,0.3984,-1.8995206119143404e-06,1.118623731599655e-05,-6.808022590121254e-09,-0.5871161222457886,4.887580871582031e-06,-14.386985778808594
-1,boot,boot,5007492000,,,,,0.0,0.0,0.0,1.5,0.3984,-1.5294863260351121e-06,1.0091634976561181e-05,-5.2831410357612185e-09,-0.6102008819580078,5.7220458984375e-06,-14.280959129333496
-1,boot,boot,5028218000,,,,,0.0,0.0,0.0,1.5,0.3984,-1.4998217920947354e-06,8.930482181312982e-06,-4.368303052615374e-09,-0.6278460025787354,5.841255187988281e-06,-14.20201301574707
-1,boot,boot,5056142000,,,,,0.0,0.0,0.0,1.5,0.3984,-1.0991188901243731e-06,8.048869858612306e-06,-3.389800440345425e-09,-0.6720290184020996,7.62939453125e-06,-14.0563325881958
-1,boot,boot,5090866000,,,,,0.0,0.0,0.0,1.5,0.3984,-1.0019011824624613e-06,6.664298325631535e-06,-2.4698465495021082e-09,-0.6812511682510376,-5.960464477539062e-07,-13.969738960266113
-1,boot,boot,5111662000,,,,,0.0,0.0,0.0,1.5,0.3984,-8.814436114334967e-07,6.168355412228266e-06,-2.0421566659933887e-09,-0.6992555856704712,-2.384185791015625e-07,-13.893819808959961
-1,boot,boot,5139416000,,,,,0.0,0.0,0.0,1.5,0.3984,-6.863037924631499e-07,5.630507530440809e-06,-1.5850218915147707e-09,-0.7232625484466553,-8.344650268554688e-07,-13.794184684753418
-1,boot,boot,5167172000,,,,,0.0,0.0,0.0,1.5,0.3984,-5.37501819053432e-07,5.024326128477696e-06,-3.3533069654367864e-08,-0.7475498914718628,-5.960464477539062e-07,-13.695595741271973
-1,boot,boot,5188101000,,,,,0.0,0.0,0.0,1.5,0.3984,-7.70991846366087e-07,4.546132913674228e-06,1.0095635616380605e-07,-0.7658374309539795,-3.5762786865234375e-07,-13.622633934020996
-1,boot,boot,5215789000,,,,,0.0,0.0,0.0,1.5,0.3984,-7.258163350343239e-07,4.086478838871699e-06,1.9912982907044352e-07,-0.7903581857681274,7.152557373046875e-07,-13.5266752243042
-1,boot,boot,5236677000,,,,,0.0,0.0,0.0,1.5,0.3984,-4.573360001813853e-07,3.7884333323745523e-06,1.6465145336042042e-07,-0.8088960647583008,1.0728836059570312e-06,-13.455459594726562
-1,boot,boot,5264404000,,,,,0.0,0.0,0.0,1.5,0.3984,-3.083318915741984e-07,3.1124959605222102e-06,1.2778198765772686e-07,-0.8334143161773682,5.960464477539062e-07,-13.362266540527344
-1,boot,boot,5292193000,,,,,0.0,0.0,0.0,1.5,0.3984,-3.8586654227401596e-07,2.8086546990380157e-06,9.916863064063364e-08,-0.8582916259765625,7.152557373046875e-07,-13.270402908325195
-1,boot,boot,5313005000,,,,,0.0,0.0,0.0,1.5,0.3984,-3.7590530155284796e-07,2.6445507046446437e-06,8.199779699680221e-08,-0.8769161701202393,9.5367431640625e-07,-13.202524185180664
-1,boot,boot,5340886000,,,,,0.0,0.0,0.0,1.5,0.3984,-4.6003947318240535e-07,2.5124945750576444e-06,6.359567805702682e-08,-0.9018915891647339,9.5367431640625e-07,-13.113127708435059
-1,boot,boot,5361702000,,,,,0.0,0.0,0.0,0.5,0.1328,-4.1414978113607503e-08,2.199285745518864e-06,5.258473834146571e-08,-0.9205803871154785,7.152557373046875e-07,-13.047247886657715
-1,boot,boot,5389697000,,,,,0.0,0.0,0.0,0.5,0.1328,-2.879125986510189e-07,1.5994913837857894e-06,-7.997007855919946e-08,-0.9621037244796753,2.205371856689453e-06,-2.1786253452301025
-1,boot,boot,5417298000,,,,,0.0,0.0,0.0,0.5,0.1328,-3.820554184130742e-07,1.5484413324884372e-06,2.1149304529899382e-08,-0.9686448574066162,4.76837158203125e-07,13.871214866638184
-1,boot,boot,5445117000,,,,,0.0,0.0,0.0,0.5,0.1328,-1.9763592717936262e-07,1.0640992513799574e-06,5.670079872288625e-08,-0.9929230213165283,0.0,13.1373291015625
-1,boot,boot,5472923000,,,,,0.0,0.0,0.0,0.5,0.1328,-8.048999688980985e-08,1.0004031310018036e-06,2.2585837200495007e-08,-1.017621397972107,0.0,8.960882186889648
-1,boot,boot,5500681000,,,,,0.0,0.0,0.0,0.5,0.1328,-2.1284216700223624e-07,9.595158871888998e-07,-4.154598798322695e-08,-1.0424511432647705,2.384185791015625e-07,5.121848106384277
-1,boot,boot,5528477000,,,,,0.0,0.0,0.0,0.5,0.1328,-1.9373305804037955e-07,8.846473065204918e-07,3.2097673852149455e-08,-1.0673226118087769,5.960464477539062e-07,2.3719587326049805
-1,boot,boot,5549297000,,,,,0.0,0.0,0.0,0.5,0.1328,-1.7178183497890132e-07,7.382548119494459e-07,3.7206149272606126e-09,-1.0859490633010864,5.960464477539062e-07,0.95932537317276
-1,boot,boot,5577097000,,,,,0.0,0.0,0.0,0.5,0.1328,-1.3201241699789534e-07,7.880721000219637e-07,-1.7215114667124e-08,-1.1109533309936523,8.344650268554688e-07,-0.2899709641933441
-1,boot,boot,5597867000,,,,,0.0,0.0,0.0,0.5,0.1328,-8.31809643386805e-08,8.354678584510111e-07,-1.4234359468900948e-08,-1.129453420639038,7.748603820800781e-07,-0.8969057202339172
-1,boot,boot,5625728000,,,,,0.0,0.0,0.0,0.5,0.1328,-4.4920625441591255e-08,6.264658054533356e-07,-1.1045720782476565e-08,-1.1544101238250732,8.940696716308594e-07,-1.4271055459976196
-1,boot,boot,5653460000,,,,,0.0,0.0,0.0,0.5,0.1328,-1.2254494663466176e-07,4.5171881879468856e-07,3.29486624650599e-08,-1.179081678390503,8.344650268554688e-07,-1.7600047588348389
-1,boot,boot,5681264000,,,,,0.0,0.0,0.0,0.5,0.1328,-4.842777912017482e-08,5.129705868966994e-07,4.443910484042135e-08,-1.2037067413330078,7.748603820800781e-07,-1.9802733659744263
-1,boot,boot,5702099000,,,,,0.0,0.0,0.0,0.5,0.1328,-1.458379017549305e-07,4.0960404135148565e-07,-7.49346185102695e-09,-1.2222121953964233,8.940696716308594e-07,-2.101658582687378
-1,boot,boot,5729885000,,,,,0.0,0.0,0.0,0.5,0.1328,-8.972892828751355e-08,4.313670842748252e-07,-5.815486758820043e-09,-1.246809720993042,9.5367431640625e-07,-2.229496717453003
-1,boot,boot,5757707000,,,,,0.0,0.0,0.0,0.5,0.1328,-4.847061063628644e-08,3.6894599020342866e-07,-4.513246665283077e-09,-1.2712359428405762,9.5367431640625e-07,-2.3334403038024902
-1,boot,boot,5778473000,,,,,0.0,0.0,0.0,0.5,0.1328,-7.836604254407575e-08,3.4148672511946643e-07,-3.731308595433802e-09,-1.2857022285461426,5.960464477539062e-07,-2.3869214057922363
-1,boot,boot,5806282000,,,,,0.0,0.0,0.0,0.5,0.1328,-4.233228878547379e-08,3.7805449437655625e-07,-2.89575297074407e-09,-1.3137567043304443,1.0132789611816406e-06,-2.4853265285491943
-1,boot,boot,5827175000,,,,,0.0,0.0,0.0,0.5,0.1328,-2.667362508645965e-08,1.0334127864553011e-07,-2.394376252823349e-09,-1.3317927122116089,9.5367431640625e-07,-2.5435807704925537
-1,boot,boot,5854963000,,,,,0.0,0.0,0.0,0.5,0.1328,-1.4408669812837616e-08,3.0994505095804925e-07,-1.8582007044187776e-09,-1.3558262586593628,9.5367431640625e-07,-2.6172053813934326
-1,boot,boot,5882627000,,,,,0.0,0.0,0.0,0.5,0.1328,-7.783370392644429e-09,2.7186274564883206e-07,-1.4420997729303053e-09,-1.3798035383224487,1.0132789611816406e-06,-2.6872458457946777
-1,boot,boot,5903496000,,,,,0.0,0.0,0.0,0.5,0.1328,-4.904222805635072e-09,3.5936267295255675e-07,-1.1923937393021333e-09,-1.3974905014038086,9.5367431640625e-07,-2.737464189529419
-1,boot,boot,5931254000,,,,,0.0,0.0,0.0,0.5,0.1328,-2.6492017468626727e-09,1.9412453866607393e-07,-9.254002009129181e-10,-1.4211957454681396,1.0132789611816406e-06,-2.802647113800049
-1,boot,boot,5965969000,,,,,0.0,0.0,0.0,0.5,0.1328,-1.0613369738621259e-08,8.05141198156889e-08,1.703562801935732e-08,-1.4505863189697266,1.1324882507324219e-06,-2.880568742752075
-1,boot,boot,5993843000,,,,,0.0,0.0,0.0,0.5,0.1328,-5.1697682579288085e-08,1.4009735593845107e-07,-5.64776847511439e-09,-1.4738882780075073,1.0728836059570312e-06,-2.940439224243164
-1,boot,boot,6014577000,,,,,0.0,0.0,0.0,0.5,0.1328,-3.257449421312231e-08,8.827477415707108e-08,-4.669862718742479e-09,-1.4910911321640015,1.0728836059570312e-06,-2.9833474159240723
-1,boot,boot,6042399000,,,,,0.0,0.0,0.0,0.5,0.1328,-1.7596374135564474e-08,4.7685020376775356e-08,-3.624171185379055e-09,-1.514183521270752,1.0728836059570312e-06,-3.0394275188446045
-1,boot,boot,6070143000,,,,,0.0,0.0,0.0,0.5,0.1328,-9.50143608235976e-09,2.574829238710663e-08,-2.812181598699226e-09,-1.5368854999542236,9.5367431640625e-07,-3.0934228897094727
-1,boot,boot,6091037000,,,,,0.0,0.0,0.0,0.5,0.1328,-5.986862561258022e-09,1.6224014132149023e-08,-2.3252639813620135e-09,-1.5539655685424805,1.1920928955078125e-06,-3.1325860023498535
-1,boot,boot,6118816000,,,,,0.0,0.0,0.0,0.5,0.1328,-3.2340254918494793e-09,8.764006409478498e-09,-1.8045835936675303e-09,-1.5763533115386963,1.1920928955078125e-06,-3.1828644275665283
-1,boot,boot,6146530000,,,,,0.0,0.0,0.0,0.5,0.1328,-1.7469874435960264e-09,4.7342281206397274e-09,-1.4004989390414835e-09,-1.5987083911895752,1.0728836059570312e-06,-3.2315468788146973
-1,boot,boot,6167415000,,,,,0.0,0.0,0.0,0.5,0.1328,-1.1007748046409915e-09,2.983032487691162e-09,-1.1580082448503504e-09,-1.6152645349502563,1.0728836059570312e-06,-3.266864538192749
-1,boot,boot,6195211000,,,,,0.0,0.0,0.0,0.5,0.1328,-5.946256820266171e-10,1.6114003464906546e-09,-8.987047772635037e-10,-1.6372824907302856,1.1920928955078125e-06,-3.3121566772460938
-1,boot,boot,6215977000,,,,,0.0,0.0,0.0,0.5,0.1328,-3.746719601238624e-10,1.015339590182407e-09,-7.430971948885201e-10,-1.6535580158233643,1.0728836059570312e-06,-3.345083475112915
-1,boot,boot,6243810000,,,,,0.0,0.0,0.0,0.5,0.1328,-2.0239274145517072e-10,5.484734888483445e-10,-5.767009092494391e-10,-1.67515230178833,1.1920928955078125e-06,-3.387539863586426
-1,boot,boot,6271739000,,,,,0.0,0.0,0.0,0.5,0.1328,-1.0933035032856253e-10,2.962798895111973e-10,-4.4756545691804206e-10,-1.7064616680145264,2.384185791015625e-06,-3.473071575164795
-1,boot,boot,6292577000,,,,,0.0,0.0,0.0,0.5,0.1328,-6.880099268080642e-11,1.8644770449771642e-10,-3.698859274425814e-10,-1.71247136592865,1.0728836059570312e-06,-3.4578263759613037
-1,boot,boot,6320247000,,,,,0.0,0.0,0.0,0.5,0.1328,-3.7165388822035794e-11,1.0071690703661318e-10,-2.870604032256807e-10,-1.73345947265625,1.1920928955078125e-06,-3.4956812858581543
-1,boot,boot,6348032000,,,,,0.0,0.0,0.0,0.5,0.1328,-2.007416455285238e-11,5.440051881189234e-11,-2.2277230060652187e-10,-1.7542212009429932,1.1920928955078125e-06,-3.5317134857177734
-1,boot,boot,6368839000,,,,,0.0,0.0,0.0,0.5,0.1328,-1.2648646019464138e-11,3.427771608222052e-11,-1.842002800289677e-10,-1.7696655988693237,1.1920928955078125e-06,-3.557997703552246
-1,boot,boot,6396603000,,,,,0.0,0.0,0.0,0.5,0.1328,-6.832621274321937e-12,1.8516478281216386e-11,-1.4295396810748429e-10,-1.7901067733764648,1.0728836059570312e-06,-3.591686964035034
-1,boot,boot,6424437000,,,,,0.0,0.0,0.0,0.5,0.1328,-3.690880934215102e-12,1.0002440715972671e-11,-1.1094367785569048e-10,-1.810302972793579,1.430511474609375e-06,-3.6238021850585938
-1,boot,boot,6459208000,,,,,0.0,0.0,0.0,0.5,0.1328,-1.7074397451466439e-12,4.6273375756133994e-12,-8.07802019719972e-11,-1.8352420330047607,1.1920928955078125e-06,-3.661801338195801
-1,boot,boot,6480051000,,,,,0.0,0.0,0.0,0.5,0.1328,-1.0758408053312962e-12,2.91568765659056e-12,-6.679352904104263e-11,-1.850250005722046,1.3113021850585938e-06,-3.684906482696533
-1,boot,boot,6507806000,,,,,0.0,0.0,0.0,0.5,0.1328,-5.811150172174706e-13,1.574964984818461e-12,-5.183627832527904e-11,-1.8695604801177979,1.3113021850585938e-06,-3.711524724960327
-1,boot,boot,6528615000,,,,,0.0,0.0,0.0,0.5,0.1328,-3.6614895143616266e-13,9.92383692582921e-13,-4.2861058452414724e-11,-1.8839902877807617,1.3113021850585938e-06,-3.731519937515259
-1,boot,boot,6556589000,,,,,0.0,0.0,0.0,0.5,0.1328,-1.9777582349611578e-13,5.360742232063398e-13,-3.326351000199068e-11,-1.9030811786651611,1.1920928955078125e-06,-3.7569732666015625
-1,boot,boot,6584179000,,,,,0.0,0.0,0.0,0.5,0.1328,-1.0682513901238977e-13,2.8958042561089137e-13,-2.5815037607568314e-11,-1.9221171140670776,1.430511474609375e-06,-3.781643867492676
-1,boot,boot,6605097000,,,,,0.0,0.0,0.0,0.5,0.1328,-6.730293405921017e-14,1.8246146780975803e-13,-2.1345137463102404e-11,-1.9359359741210938,1.3113021850585938e-06,-3.7983362674713135
-1,boot,boot,6632771000,,,,,0.0,0.0,0.0,0.5,0.1328,-3.6350263077356004e-14,9.856438581978821e-14,-1.6565544075364258e-11,-1.9544365406036377,1.430511474609375e-06,-3.8201584815979004
-1,boot,boot,6660653000,,,,,0.0,0.0,0.0,0.5,0.1328,-1.9630998215891537e-14,5.324408448859064e-14,-1.2856170988895244e-11,-1.9726712703704834,1.430511474609375e-06,-3.840806484222412
-1,boot,boot,6681438000,,,,,0.0,0.0,0.0,0.5,0.1328,-1.2366518399586912e-14,3.354890150408796e-14,-1.0630183365500923e-11,-1.986215353012085,1.3113021850585938e-06,-3.8553285598754883
-1,boot,boot,6709231000,,,,,0.0,0.0,0.0,0.5,0.1328,-6.677275919686476e-15,1.8122656153529704e-14,-8.24984698610809e-12,-2.0040392875671387,1.3113021850585938e-06,-3.8737359046936035
-1,boot,boot,6736981000,,,,,0.0,0.0,0.0,0.5,0.1328,-3.604538542645308e-15,9.789911936675111e-15,-6.4025269461143175e-12,-2.0215983390808105,1.3113021850585938e-06,-3.8908047676086426
-1,boot,boot,6757823000,,,,,0.0,0.0,0.0,0.5,0.1328,-2.269668827881155e-15,6.168622470464902e-15,-5.29397315915392e-12,-2.0345711708068848,1.430511474609375e-06,-3.9028782844543457
-1,boot,boot,6785530000,,,,,0.0,0.0,0.0,0.5,0.1328,-1.2246063538223773e-15,3.332349587242822e-15,-4.108542065589527e-12,-2.051821231842041,1.5497207641601562e-06,-3.961012125015259
-1,boot,boot,6813323000,,,,,0.0,0.0,0.0,0.5,0.1328,-6.602791230436722e-16,1.8000466568690587e-15,-3.1885472994569453e-12,-2.068741798400879,1.3113021850585938e-06,-4.021415710449219
-1,boot,boot,6834220000,,,,,0.0,0.0,0.0,0.5,0.1328,-4.151681168990118e-16,1.1342652078000226e-15,-2.636469601663416e-12,-2.0813498497009277,1.5497207641601562e-06,-4.067656517028809
-1,boot,boot,6861985000,,,,,0.0,0.0,0.0,0.5,0.1328,-2.23562487966511e-16,6.127368577801828e-16,-2.046106773595513e-12,-2.0978317260742188,1.430511474609375e-06,-4.129125595092773
-1,boot,boot,6889928000,,,,,0.0,0.0,0.0,0.5,0.1328,-1.201296007113939e-16,3.310069232598245e-16,-1.5879421258815918e-12,-2.1141560077667236,1.5497207641601562e-06,-4.191366672515869
-1,boot,boot,6910608000,,,,,0.0,0.0,0.0,0.5,0.1328,-7.529784087911828e-17,2.0858694545905498e-16,-1.3129944180512165e-12,-2.126213312149048,1.430511474609375e-06,-4.238223075866699
-1,boot,boot,6938355000,,,,,0.0,0.0,0.0,0.5,0.1328,-4.0237453126368283e-17,1.1267571077555605e-16,-1.0189874118105013e-12,-2.142143487930298,1.5497207641601562e-06,-4.300929069519043
-1,boot,boot,6966123000,,,,,0.0,0.0,0.0,0.5,0.1328,-2.1412992906588713e-17,6.089150451221714e-17,-7.90814028844844e-13,-2.1577954292297363,1.5497207641601562e-06,-4.363735198974609
-1,boot,boot,6986937000,,,,,0.0,0.0,0.0,0.5,0.1328,-1.328147661294743e-17,3.838075690598686e-17,-6.53887480186327e-13,-2.1694576740264893,1.430511474609375e-06,-4.410898685455322
-1,boot,boot,7014720000,,,,,0.0,0.0,0.0,1.0,0.2656,-6.999880276109538e-18,2.0735366548785272e-17,-5.074693378188944e-13,-2.184607982635498,1.5497207641601562e-06,-4.4742302894592285
-1,boot,boot,7042592000,,,,,0.0,0.0,0.0,1.0,0.2656,-3.574222873226063e-08,3.574222162683327e-08,2.1417438489379492e-08,-2.200512409210205,1.9073486328125e-06,-6.273809432983398
-1,boot,boot,7063369000,,,,,0.0,0.0,0.0,1.0,0.2656,-2.252125597124177e-08,2.2521248865814414e-08,1.77091461495138e-08,-2.2124292850494385,1.9669532775878906e-06,-7.879277229309082
-1,boot,boot,7091200000,,,,,0.0,0.0,0.0,1.0,0.2656,-8.959984398870802e-08,8.959992925383631e-08,-7.674557878090127e-09,-2.227530002593994,1.9669532775878906e-06,-9.158965110778809
-1,boot,boot,7111989000,,,,,0.0,0.0,0.0,1.0,0.2656,-5.6442562623715276e-08,5.6442619467134136e-08,-6.345093339632513e-09,-2.2374284267425537,1.9073486328125e-06,-9.698403358459473
-1,boot,boot,7139816000,,,,,0.0,0.0,0.0,1.0,0.2656,-3.04895557690088e-08,3.048959484885927e-08,-4.9242681043892844e-09,-2.2530360221862793,2.3245811462402344e-06,-10.09699535369873
-1,boot,boot,7167509000,,,,,0.0,0.0,0.0,1.0,0.2656,-1.6469952512920827e-08,1.646997027648922e-08,-3.821594596331579e-09,-2.2670323848724365,2.2649765014648438e-06,-10.297964096069336
-1,boot,boot,7195336000,,,,,0.0,0.0,0.0,1.0,0.2656,-8.896813952219418e-09,8.896825498538874e-09,-2.9658435707347053e-09,-2.280822515487671,2.384185791015625e-06,-10.400554656982422
-1,boot,boot,7223182000,,,,,0.0,0.0,0.0,1.0,0.2656,-4.805968956134166e-09,4.805976505650733e-09,-2.3017263650615405e-09,-2.294473648071289,2.3245811462402344e-06,-10.452926635742188
-1,boot,boot,7250860000,,,,,0.0,0.0,0.0,1.0,0.2656,-2.5961226501891588e-09,2.596127313125862e-09,-1.7863169832210701e-09,-2.3077645301818848,2.086162567138672e-06,-10.469400405883789
-1,boot,boot,7271683000,,,,,0.0,0.0,0.0,1.0,0.2656,-1.6358059351517795e-09,1.6358097099100632e-09,-1.477020727946865e-09,-2.3177056312561035,2.1457672119140625e-06,-10.473848342895508
-1,boot,boot,7299476000,,,,,0.0,0.0,0.0,1.0,0.2656,-8.836411047319359e-10,8.836435472225901e-10,-1.146282180286562e-09,-2.330690622329712,2.384185791015625e-06,-10.47416877746582
-1,boot,boot,7327324000,,,,,0.0,0.0,0.0,1.0,0.2656,-4.773325068541112e-10,4.773342832109506e-10,-8.896045011752562e-10,-2.343475818634033,2.3245811462402344e-06,-10.47121810913086
-1,boot,boot,7348101000,,,,,0.0,0.0,0.0,1.0,0.2656,-3.007650795083805e-10,3.0076643953158566e-10,-7.355718811830059e-10,-2.3529365062713623,2.4437904357910156e-06,-10.467985153198242
-1,boot,boot,7375910000,,,,,0.0,0.0,0.0,1.0,0.2656,-1.6247042600170403e-10,1.6247136969127496e-10,-5.708624128963891e-10,-2.365323781967163,2.3245811462402344e-06,-10.462722778320312
-1,boot,boot,7396685000,,,,,0.0,0.0,0.0,1.0,0.2656,-1.0237258263323668e-10,1.023733320337783e-10,-4.720205337704897e-10,-2.374574661254883,2.205371856689453e-06,-10.458520889282227
-1,boot,boot,7424539000,,,,,0.0,0.0,0.0,1.0,0.2656,-5.530035110390408e-11,5.5300913154310294e-11,-3.6632488709109623e-10,-2.386563539505005,2.5033950805664062e-06,-10.452652931213379
-1,boot,boot,7452241000,,,,,0.0,0.0,0.0,1.0,0.2656,-2.9872444795575603e-11,2.987284725142203e-11,-2.842965030058764e-10,-2.3984122276306152,2.3245811462402344e-06,-10.446523666381836
-1,boot,boot,7473150000,,,,,0.0,0.0,0.0,1.0,0.2656,-1.882261013719244e-11,1.8822950142993733e-11,-2.3507223945173905e-10,-2.407231330871582,2.384185791015625e-06,-10.441834449768066
-1,boot,boot,7500912000,,,,,0.0,0.0,0.0,1.0,0.2656,-1.0167696545826388e-11,1.0167944611283453e-11,-1.824344841860892e-10,-2.4187183380126953,2.3245811462402344e-06,-10.435613632202148
-1,boot,boot,7528645000,,,,,0.0,0.0,0.0,1.0,0.2656,-5.492358304270972e-12,5.49255779747071e-12,-1.4158289818322345e-10,-2.42997145652771,2.205371856689453e-06,-10.429423332214355
-1,boot,boot,7549479000,,,,,0.0,0.0,0.0,1.0,0.2656,-3.460712619252071e-12,3.460873948535337e-12,-1.170686741991389e-10,-2.4383249282836914,2.384185791015625e-06,-10.424631118774414
-1,boot,boot,7577316000,,,,,0.0,0.0,0.0,1.0,0.2656,-1.8694030698429565e-12,1.869526235209751e-12,-9.085444896417272e-11,-2.449270009994507,2.2649765014648438e-06,-10.418295860290527
-1,boot,boot,7605010000,,,,,0.0,0.0,0.0,1.0,0.2656,-1.0098050867712871e-12,1.0098987618389899e-12,-7.051022266058027e-11,-2.460136890411377,2.384185791015625e-06,-10.411901473999023
-1,boot,boot,7632817000,,,,,0.0,0.0,0.0,1.0,0.2656,-5.454300205931517e-13,5.455037463408807e-13,-5.4720120795659355e-11,-2.47051739692688,2.3245811462402344e-06,-10.405869483947754
-1,boot,boot,7660688000,,,,,0.0,0.0,0.0,1.0,0.2656,-2.9449663194180964e-13,2.945508420504339e-13,-4.24600979376244e-11,-2.4811575412750244,2.3245811462402344e-06,-10.398958206176758
-1,boot,boot,7688363000,,,,,0.0,0.0,0.0,1.0,0.2656,-1.590680712149073e-13,1.591127403444137e-13,-3.295225897703702e-11,-2.4913573265075684,2.2649765014648438e-06,-10.392587661743164
-1,boot,boot,7709238000,,,,,0.0,0.0,0.0,1.0,0.2656,-1.0022104673934606e-13,1.0025704225147258e-13,-2.7246720504803257e-11,-2.498943328857422,2.5033950805664062e-06,-10.3876953125
-1,boot,boot,7736988000,,,,,0.0,0.0,0.0,1.0,0.2656,-5.41296608230768e-14,5.415785007956142e-14,-2.114560956889555e-11,-2.5091636180877686,2.562999725341797e-06,-10.380721092224121
-1,boot,boot,7764782000,,,,,0.0,0.0,0.0,1.0,0.2656,-2.9231825293685176e-14,2.925394301800388e-14,-1.6410185710302727e-11,-2.5186257362365723,2.5033950805664062e-06,-10.374703407287598
-1,boot,boot,7785617000,,,,,0.0,0.0,0.0,1.0,0.2656,-1.84145233783628e-14,1.8433171655729552e-14,-1.3568823148402132e-11,-2.5264322757720947,2.682209014892578e-06,-10.368570327758789
-1,boot,boot,7813403000,,,,,0.0,0.0,0.0,1.0,0.2656,-9.940941299302342e-15,9.955361188196399e-15,-1.0529644864365473e-11,-2.5352745056152344,2.562999725341797e-06,-10.363264083862305
-1,boot,boot,7841290000,,,,,0.0,0.0,0.0,1.0,0.2656,-5.3671260144549926e-15,5.377859615962599e-15,-8.171844277649054e-12,-2.5449163913726807,2.6226043701171875e-06,-10.355852127075195
-1,boot,boot,7862094000,,,,,0.0,0.0,0.0,1.0,0.2656,-3.3792413312028202e-15,3.38824020923445e-15,-6.756550180453402e-12,-2.5514543056488037,2.5033950805664062e-06,-10.35183048248291
-1,boot,boot,7889933000,,,,,0.0,0.0,0.0,1.0,0.2656,-1.823302793468873e-15,1.8303501075900286e-15,-5.243612401922837e-12,-2.560509443283081,2.4437904357910156e-06,-10.345175743103027
-1,boot,boot,7910659000,,,,,0.0,0.0,0.0,1.0,0.2656,-1.1476822096845307e-15,1.1533200609814553e-15,-4.335662905086135e-12,-2.5670390129089355,2.562999725341797e-06,-10.340445518493652
-1,boot,boot,7938400000,,,,,0.0,0.0,0.0,1.0,0.2656,-6.184289191857317e-16,6.229283582015466e-16,-3.364629972205102e-12,-2.5757598876953125,2.4437904357910156e-06,-10.333925247192383
-1,boot,boot,7966242000,,,,,0.0,0.0,0.0,1.0,0.2656,-3.331753276047955e-16,3.365363543395006e-16,-2.611216581502318e-12,-2.584312915802002,2.6226043701171875e-06,-10.327362060546875
-1,boot,boot,7987007000,,,,,0.0,0.0,0.0,1.0,0.2656,-2.092781243440145e-16,2.1204283988385253e-16,-2.1590999387671728e-12,-2.5905416011810303,2.562999725341797e-06,-10.322509765625
-1,boot,boot,8014792000,,,,,0.0,0.0,0.0,1.0,0.2656,-1.124317652867468e-16,1.1457306457740568e-16,-1.6756275186824432e-12,-2.598860740661621,2.5033950805664062e-06,-10.316081047058105
1,prog,pitch+0.40,8042673000,-0.6,0.0,0.4,0.0,0.0,-1.2559999999999998,0.0,1.0,0.2656,-6.022743068156977e-17,6.19079440489223e-17,-1.3004181065312537e-12,-2.6070027351379395,2.562999725341797e-06,-10.30945873260498
2,prog,pitch+0.40,8070371000,-0.6,0.0,0.4,0.0,0.0,-1.2559999999999998,0.0,1.0,0.2656,7.152557373046875e-07,1.7452237606048584,-8.940696716308594e-08,-2.799873113632202,8.940696716308594e-07,-14.988056182861328
3,prog,pitch+0.40,8091336000,-0.6,0.0,0.4,0.0,0.0,-1.2559999999999998,0.0,1.0,0.2656,-2.384185791015625e-07,3.6218297481536865,6.556510925292969e-07,-2.9579849243164062,3.6954879760742188e-06,-12.862058639526367
4,prog,pitch+0.40,8119037000,-0.6,0.0,0.4,0.0,0.0,-1.2559999999999998,0.0,1.0,0.2656,2.384185791015625e-07,3.4542582035064697,-1.7881393432617188e-07,-2.857138156890869,9.5367431640625e-07,-9.62241268157959
5,prog,pitch+0.40,8153695000,-0.6,0.0,0.4,0.0,0.0,-1.2559999999999998,0.0,1.0,0.2656,2.384185791015625e-07,3.1927402019500732,-4.172325134277344e-07,-2.773621082305908,-2.384185791015625e-07,-8.792866706848145
6,prog,pitch+0.40,8174563000,-0.6,0.0,0.4,0.0,0.0,-1.2559999999999998,0.0,1.0,0.2656,9.5367431640625e-07,3.269569158554077,-8.344650268554688e-07,-2.7326197624206543,-1.0728836059570312e-06,-8.857616424560547
7,prog,pitch+0.40,8202311000,-0.6,0.0,0.4,0.0,0.0,-1.2559999999999998,0.0,1.0,0.2656,9.5367431640625e-07,3.321146011352539,-2.384185791015625e-07,-2.647934913635254,2.384185791015625e-07,-8.950516700744629
8,prog,pitch+0.40,8230201000,-0.6,0.0,0.4,0.0,0.0,-1.2559999999999998,0.0,1.0,0.2656,0.0,3.328577995300293,-1.1920928955078125e-06,-2.50736665725708,-1.9073486328125e-06,-8.984070777893066
9,prog,pitch+0.40,8250955000,-0.6,0.0,0.4,0.0,0.0,-1.2559999999999998,0.0,1.0,0.2656,2.384185791015625e-07,3.337747097015381,2.384185791015625e-07,-2.422659397125244,1.9073486328125e-06,-8.919365882873535
10,prog,pitch+0.40,8278808000,-0.6,0.0,0.4,0.0,0.0,-1.2559999999999998,0.0,1.0,0.2656,9.5367431640625e-07,3.3537967205047607,-3.5762786865234375e-07,-2.255361795425415,4.76837158203125e-07,-8.758861541748047
11,prog,pitch+0.40,8299568000,-0.6,0.0,0.4,0.0,0.0,-1.2559999999999998,0.0,1.0,0.2656,7.152557373046875e-07,3.3641040325164795,-4.76837158203125e-07,-2.1135504245758057,-9.5367431640625e-07,-8.583931922912598
12,prog,rest,8327386000,-0.6,0.0,0.0,0.0,0.0,-0.0,0.0,1.0,0.2656,0.0,3.3754000663757324,-0.0,-1.905149221420288,9.5367431640625e-07,-8.300840377807617
13,prog,rest,8355135000,-0.6,0.0,0.0,0.0,0.0,-0.0,0.0,1.0,0.2656,2.384185791015625e-07,1.8214248418807983,-1.7881393432617188e-07,-1.638660192489624,1.430511474609375e-06,-10.105375289916992
14,prog,rest,8376053000,-0.6,0.0,0.0,0.0,0.0,-0.0,0.0,1.0,0.2656,1.043081283569336e-07,-0.06280864775180817,-1.7136335372924805e-07,-1.5150301456451416,7.152557373046875e-06,-8.903669357299805
15,prog,rest,8403788000,-0.6,0.0,0.0,0.0,0.0,-0.0,0.0,1.0,0.2656,-1.341104507446289e-07,-0.12670178711414337,4.842877388000488e-08,-1.6592679023742676,-2.384185791015625e-06,-6.943697929382324
16,prog,rest,8431604000,-0.6,0.0,0.0,0.0,0.0,-0.0,0.0,1.0,0.2656,2.2351741790771484e-07,0.2007920742034912,2.2351741790771484e-08,-1.7963670492172241,4.76837158203125e-07,-6.4212212562561035
17,prog,rest,8452402000,-0.6,0.0,0.0,0.0,0.0,-0.0,0.0,1.0,0.2656,2.384185791015625e-07,0.1907530575990677,-2.9802322387695312e-08,-1.8726049661636353,-1.430511474609375e-06,-6.454207420349121
18,prog,pitch-0.40,8480225000,-0.6,0.0,-0.4,0.0,0.0,1.2560000000000002,0.0,1.0,0.2656,-6.705522537231445e-08,0.11680056154727936,-6.705522537231445e-08,-1.978233814239502,-9.5367431640625e-07,-6.638558864593506
19,prog,pitch-0.40,8507988000,-0.6,0.0,-0.4,0.0,0.0,1.2560000000000002,0.0,1.0,0.2656,-2.384185791015625e-07,-1.5404977798461914,-5.960464477539063e-08,-1.9892058372497559,9.5367431640625e-07,-11.808055877685547
20,prog,pitch-0.40,8528877000,-0.6,0.0,-0.4,0.0,0.0,1.2560000000000002,0.0,1.0,0.2656,-4.76837158203125e-07,-3.404193639755249,-3.5762786865234375e-07,-2.2173352241516113,0.0,-10.202462196350098
21,prog,pitch-0.40,8556580000,-0.6,0.0,-0.4,0.0,0.0,1.2560000000000002,0.0,1.0,0.2656,0.0,-3.3938686847686768,3.5762786865234375e-07,-2.931588649749756,7.152557373046875e-07,-7.325591564178467
22,prog,pitch-0.40,8584397000,-0.6,0.0,-0.4,0.0,0.0,1.2560000000000002,0.0,1.0,0.2656,-4.76837158203125e-07,-3.112567901611328,1.1920928955078125e-07,-3.550057888031006,1.5497207641601562e-06,-7.149991035461426
23,prog,pitch-0.40,8605178000,-0.6,0.0,-0.4,0.0,0.0,1.2560000000000002,0.0,1.0,0.2656,-9.5367431640625e-07,-3.1619648933410645,-1.1920928955078125e-07,-3.952098846435547,7.152557373046875e-07,-7.688490390777588
24,prog,pitch-0.40,8639951000,-0.6,0.0,-0.4,0.0,0.0,1.2560000000000002,0.0,1.0,0.2656,-4.76837158203125e-07,-3.2721633911132812,5.960464477539062e-07,-4.568830966949463,1.430511474609375e-06,-8.668013572692871
25,prog,pitch-0.40,8667797000,-0.6,0.0,-0.4,0.0,0.0,1.2560000000000002,0.0,1.0,0.2656,1.430511474609375e-06,-3.2985095977783203,-0.0,-4.967710494995117,-2.6226043701171875e-06,-9.383806228637695
26,prog,pitch-0.40,8681688000,-0.6,0.0,-0.4,0.0,0.0,1.2560000000000002,0.0,1.0,0.2656,2.384185791015625e-07,-3.3102519512176514,-2.384185791015625e-07,-5.169678688049316,9.5367431640625e-07,-9.657517433166504
27,prog,pitch-0.40,8716426000,-0.6,0.0,-0.4,0.0,0.0,1.2560000000000002,0.0,1.0,0.2656,-1.9073486328125e-06,-3.345060348510742,1.1324882507324219e-06,-5.50252628326416,-2.384185791015625e-07,-10.269585609436035
28,prog,pitch-0.40,8744269000,-0.6,0.0,-0.4,0.0,0.0,1.2560000000000002,0.0,1.0,0.2656,-4.76837158203125e-07,-3.36965012550354,7.152557373046875e-07,-5.642437934875488,-2.384185791015625e-07,-10.631366729736328
29,prog,pitch-0.40,8765033000,-0.6,0.0,-0.4,0.0,0.0,1.2560000000000002,0.0,1.0,0.2656,-4.76837158203125e-07,-3.3851890563964844,7.748603820800781e-07,-5.668757438659668,0.0,-10.839127540588379
30,prog,rest,8792864000,-0.6,0.0,0.0,0.0,0.0,-0.0,0.0,1.0,0.2656,0.0,-3.3895487785339355,1.7881393432617188e-07,-5.594053745269775,9.5367431640625e-07,-11.221699714660645
31,prog,rest,8820568000,-0.6,0.0,0.0,0.0,0.0,-0.0,0.0,1.0,0.2656,-5.960464477539063e-08,-0.8542177677154541,2.682209014892578e-07,-5.61947774887085,-2.6226043701171875e-06,-13.502678871154785
32,prog,rest,8841528000,-0.6,0.0,0.0,0.0,0.0,-0.0,0.0,1.0,0.2656,-2.9802322387695312e-08,0.328132688999176,1.341104507446289e-07,-5.6501641273498535,3.814697265625e-06,-12.21410083770752
33,prog,rest,8869176000,-0.6,0.0,0.0,0.0,0.0,-0.0,0.0,1.0,0.2656,5.029141902923584e-08,-0.021179283037781715,-1.0104849934577942e-07,-5.542116165161133,3.337860107421875e-06,-10.384111404418945
34,prog,rest,8890060000,-0.6,0.0,0.0,0.0,0.0,-0.0,0.0,1.0,0.2656,-1.043081283569336e-07,-0.20331008732318878,-2.0489096641540527e-07,-5.463597774505615,4.291534423828125e-06,-10.118184089660645
35,prog,rest,8917794000,-0.6,0.0,0.0,0.0,0.0,-0.0,0.0,1.0,0.2656,8.940696716308594e-08,-0.1408824473619461,-1.5273690223693848e-07,-5.379568099975586,4.76837158203125e-06,-10.246931076049805
36,prog,pitch+0.20,8945616000,-0.6,0.0,0.2,0.0,0.0,-0.6279999999999997,0.0,1.0,0.2656,-1.1175870895385742e-07,-0.0912313312292099,4.0978193283081055e-08,-5.298923492431641,3.814697265625e-06,-10.476686477661133
37,prog,pitch+0.20,8966468000,-0.6,0.0,0.2,0.0,0.0,-0.6279999999999997,0.0,1.0,0.2656,-2.086162567138672e-07,0.4174852967262268,2.644956111907959e-07,-5.28492546081543,3.814697265625e-06,-12.619919776916504
38,prog,pitch+0.20,8994443000,-0.6,0.0,0.2,0.0,0.0,-0.6279999999999997,0.0,1.0,0.2656,4.76837158203125e-07,1.6647651195526123,8.940696716308594e-08,-5.292810916900635,5.245208740234375e-06,-11.464582443237305
39,prog,pitch+0.20,9022107000,-0.6,0.0,0.2,0.0,0.0,-0.6279999999999997,0.0,1.0,0.2656,-1.1920928955078125e-07,1.5485255718231201,-2.384185791015625e-07,-5.273193836212158,-4.76837158203125e-07,-10.212960243225098
40,prog,pitch+0.20,9042985000,-0.6,0.0,0.2,0.0,0.0,-0.6279999999999997,0.0,1.0,0.2656,3.5762786865234375e-07,1.4384868144989014,1.1920928955078125e-07,-5.228673934936523,3.5762786865234375e-06,-9.947110176086426
41,prog,pitch+0.20,9070727000,-0.6,0.0,0.2,0.0,0.0,-0.6279999999999997,0.0,1.0,0.2656,8.344650268554688e-07,1.4709751605987549,-2.682209014892578e-07,-5.18064022064209,1.430511474609375e-06,-9.943445205688477
42,prog,pitch+0.20,9098489000,-0.6,0.0,0.2,0.0,0.0,-0.6279999999999997,0.0,1.0,0.2656,7.152557373046875e-07,1.5092467069625854,2.9802322387695312e-08,-5.126862525939941,3.814697265625e-06,-9.95948600769043
43,prog,pitch+0.20,9119326000,-0.6,0.0,0.2,0.0,0.0,-0.6279999999999997,0.0,1.0,0.2656,1.1920928955078125e-07,1.5172278881072998,-2.682209014892578e-07,-5.079896926879883,9.5367431640625e-07,-9.950440406799316
44,prog,pitch+0.20,9154078000,-0.6,0.0,0.2,0.0,0.0,-0.6279999999999997,0.0,1.0,0.2656,3.5762786865234375e-07,1.5292747020721436,-2.384185791015625e-07,-4.992353916168213,7.152557373046875e-07,-9.883146286010742
45,prog,pitch+0.20,9181881000,-0.6,0.0,0.2,0.0,0.0,-0.6279999999999997,0.0,1.0,0.2656,-1.1920928955078125e-07,1.541101336479187,-5.960464477539063e-08,-4.9138078689575195,1.0728836059570312e-06,-9.783949851989746
46,prog,pitch+0.20,9202668000,-0.6,0.0,0.2,0.0,0.0,-0.6279999999999997,0.0,1.0,0.2656,-2.384185791015625e-07,1.5487290620803833,4.470348358154297e-07,-4.849579811096191,3.6954879760742188e-06,-9.688565254211426
47,prog,pitch+0.20,9230471000,-0.6,0.0,0.2,0.0,0.0,-0.6279999999999997,0.0,1.0,0.2656,0.0,1.557431936264038,3.5762786865234375e-07,-4.7568678855896,2.2649765014648438e-06,-9.539523124694824
48,prog,rest,9258279000,-0.6,0.0,0.0,0.0,0.0,-0.0,0.0,1.0,0.2656,-2.384185791015625e-07,1.5651389360427856,1.1920928955078125e-07,-4.656373023986816,2.086162567138672e-06,-9.370454788208008
49,prog,rest,9279188000,-0.6,0.0,0.0,0.0,0.0,-0.0,0.0,1.0,0.2656,2.980232238769531e-07,0.7930917143821716,-2.384185791015625e-07,-4.535092353820801,7.152557373046875e-07,-9.270280838012695
50,prog,rest,9306880000,-0.6,0.0,0.0,0.0,0.0,-0.0,0.0,1.0,0.2656,-2.9802322387695312e-08,-0.1929677128791809,-5.960464477539063e-08,-4.495855331420898,3.5762786865234375e-07,-9.188871383666992
51,prog,rest,9334652000,-0.6,0.0,0.0,0.0,0.0,-0.0,0.0,1.0,0.2656,-1.4901161193847656e-08,-0.046434760093688965,-5.681067705154419e-08,-4.576827526092529,1.1920928955078125e-07,-9.167716979980469
52,prog,rest,9355490000,-0.6,0.0,0.0,0.0,0.0,-0.0,0.0,1.0,0.2656,1.1175870895385742e-08,0.06150686740875244,-6.51925802230835e-08,-4.6226487159729,-1.1920928955078125e-07,-9.151168823242188
53,prog,rest,9383337000,-0.6,0.0,0.0,0.0,0.0,-0.0,0.0,1.0,0.2656,5.960464477539063e-08,0.044478319585323334,7.636845111846924e-08,-4.666073799133301,2.384185791015625e-07,-9.128005027770996
54,prog,pitch-0.20,9404093000,-0.6,0.0,-0.2,0.0,0.0,0.6279999999999997,0.0,1.0,0.2656,-1.30385160446167e-07,0.021979674696922302,1.0617077350616455e-07,-4.699594974517822,5.960464477539062e-07,-9.114252090454102
55,prog,pitch-0.20,9431903000,-0.6,0.0,-0.2,0.0,0.0,0.6279999999999997,0.0,1.0,0.2656,-5.960464477539063e-08,-0.47804850339889526,8.940696716308594e-08,-4.706706523895264,-2.9802322387695312e-08,-10.707911491394043
56,prog,pitch-0.20,9466616000,-0.6,0.0,-0.2,0.0,0.0,0.6279999999999997,0.0,1.0,0.2656,-3.5762786865234375e-07,-1.754508376121521,6.556510925292969e-07,-4.851675033569336,-1.4901161193847656e-06,-9.877565383911133
57,prog,pitch-0.20,9487457000,-0.6,0.0,-0.2,0.0,0.0,0.6279999999999997,0.0,1.0,0.2656,2.384185791015625e-07,-1.6096298694610596,4.76837158203125e-07,-5.027494430541992,-1.0728836059570312e-06,-9.282737731933594
58,prog,pitch-0.20,9515295000,-0.6,0.0,-0.2,0.0,0.0,0.6279999999999997,0.0,1.0,0.2656,-8.344650268554688e-07,-1.4825280904769897,7.450580596923828e-07,-5.202744007110596,-9.5367431640625e-07,-9.278780937194824
59,prog,pitch-0.20,9536101000,-0.6,0.0,-0.2,0.0,0.0,0.6279999999999997,0.0,1.0,0.2656,0.0,-1.512939453125,-2.682209014892578e-07,-5.301565170288086,1.9073486328125e-06,-9.454204559326172
60,prog,pitch-0.20,9563941000,-0.6,0.0,-0.2,0.0,0.0,0.6279999999999997,0.0,1.0,0.2656,-5.960464477539062e-07,-1.5515868663787842,2.086162567138672e-07,-5.410744667053223,1.1920928955078125e-06,-9.706574440002441
61,prog,pitch-0.20,9591753000,-0.6,0.0,-0.2,0.0,0.0,0.6279999999999997,0.0,1.0,0.2656,-7.152557373046875e-07,-1.5595312118530273,5.364418029785156e-07,-5.491951942443848,9.5367431640625e-07,-9.936713218688965
62,prog,pitch-0.20,9612559000,-0.6,0.0,-0.2,0.0,0.0,0.6279999999999997,0.0,1.0,0.2656,-1.1920928955078125e-07,-1.56450617313385,-4.76837158203125e-07,-5.533120155334473,3.814697265625e-06,-10.087106704711914
63,prog,pitch-0.20,9640284000,-0.6,0.0,-0.2,0.0,0.0,0.6279999999999997,0.0,1.0,0.2656,0.0,-1.5741928815841675,-1.1920928955078125e-07,-5.559736251831055,1.9073486328125e-06,-10.254383087158203
64,prog,pitch-0.20,9668020000,-0.6,0.0,-0.2,0.0,0.0,0.6279999999999997,0.0,1.0,0.2656,-1.1920928955078125e-06,-1.5829102993011475,6.556510925292969e-07,-5.555444717407227,7.152557373046875e-07,-10.390152931213379
65,prog,pitch-0.20,9688861000,-0.6,0.0,-0.2,0.0,0.0,0.6279999999999997,0.0,1.0,0.2656,-2.384185791015625e-07,-1.588327407836914,1.1920928955078125e-07,-5.5313005447387695,9.5367431640625e-07,-10.475320816040039
66,prog,rest,9716684000,-0.6,0.0,0.0,0.0,0.0,-0.0,0.0,1.0,0.2656,1.1920928955078125e-07,-1.594775676727295,-2.5331974029541016e-07,-5.472597599029541,3.0994415283203125e-06,-10.570404052734375
67,prog,rest,9744453000,-0.6,0.0,0.0,0.0,0.0,-0.0,0.0,1.0,0.2656,-1.7881393432617188e-07,-0.7901841402053833,-1.4901161193847656e-07,-5.444179534912109,3.337860107421875e-06,-10.717916488647461
68,prog,rest,9765301000,-0.6,0.0,0.0,0.0,0.0,-0.0,0.0,1.0,0.2656,2.2351741790771484e-08,0.10903745144605637,-2.7008354663848877e-08,-5.4417524337768555,-1.430511474609375e-06,-10.670357704162598
69,prog,rest,9793218000,-0.6,0.0,0.0,0.0,0.0,-0.0,0.0,1.0,0.2656,-7.450580596923828e-09,0.08038248866796494,-2.0489096641540527e-08,-5.354457855224609,-1.430511474609375e-06,-10.563752174377441
70,prog,rest,9813933000,-0.6,0.0,0.0,0.0,0.0,-0.0,0.0,1.0,0.2656,0.0,-0.06567861884832382,1.955777406692505e-08,-5.2817511558532715,-2.1457672119140625e-06,-10.548542022705078
71,prog,rest,9841942000,-0.6,0.0,0.0,0.0,0.0,-0.0,0.0,1.0,0.2656,-2.2351741790771484e-08,-0.06387914717197418,-1.5832483768463135e-08,-5.201027870178223,4.5299530029296875e-06,-10.534090042114258
72,prog,pitch+0.80,9869433000,-0.6,0.0,0.8,0.0,0.0,-2.512,0.0,1.0,0.2656,-3.725290298461914e-09,-0.031022710725665092,-6.51925802230835e-09,-5.1250481605529785,4.291534423828125e-06,-10.518231391906738
73,prog,pitch+0.80,9897256000,-0.6,0.0,0.8,0.0,0.0,-2.512,0.0,1.0,0.2656,2.384185791015625e-07,2.066591501235962,3.5762786865234375e-07,-5.308666229248047,4.76837158203125e-06,-17.656124114990234
74,prog,pitch+0.80,9918054000,-0.6,0.0,0.8,0.0,0.0,-2.512,0.0,1.0,0.2656,1.9073486328125e-06,7.2319793701171875,1.1920928955078125e-07,-6.05299186706543,4.0531158447265625e-06,-21.451372146606445
75,prog,pitch+0.80,9952832000,-0.6,0.0,0.8,0.0,0.0,-2.512,0.0,1.0,0.2656,9.5367431640625e-07,7.855525970458984,-1.1920928955078125e-06,-4.781500816345215,5.960464477539062e-07,-9.11166763305664
76,prog,pitch+0.80,9973616000,-0.6,0.0,0.8,0.0,0.0,-2.512,0.0,1.0,0.2656,9.5367431640625e-07,7.336485862731934,4.76837158203125e-07,-3.993163585662842,1.1324882507324219e-06,-6.471052646636963
77,prog,pitch+0.80,10001387000,-0.6,0.0,0.8,0.0,0.0,-2.512,0.0,1.0,0.2656,2.384185791015625e-06,7.432408332824707,2.384185791015625e-07,-3.066304922103882,2.384185791015625e-06,-6.154532432556152
78,prog,pitch+0.80,10022226000,-0.6,0.0,0.8,0.0,0.0,-2.512,0.0,1.0,0.2656,1.9073486328125e-06,7.557526588439941,-2.6226043701171875e-06,-2.3513472080230713,-4.76837158203125e-07,-6.230430603027344
79,prog,pitch+0.80,10050005000,-0.6,0.0,0.8,0.0,0.0,-2.512,0.0,1.0,0.2656,1.9073486328125e-06,7.606891632080078,-2.86102294921875e-06,-1.4547338485717773,-2.384185791015625e-06,-6.33817720413208
80,prog,pitch+0.80,10077805000,-0.6,0.0,0.8,0.0,0.0,-2.512,0.0,1.0,0.2656,2.86102294921875e-06,7.6412153244018555,2.4557113647460938e-05,-0.7606844902038574,2.193450927734375e-05,-6.43557071685791
81,prog,pitch+0.80,10098632000,-0.6,0.0,0.8,0.0,0.0,-2.512,0.0,1.0,0.2656,9.5367431640625e-07,7.682340145111084,2.1457672119140625e-06,-0.44565749168395996,3.814697265625e-06,-6.494772911071777
82,prog,pitch+0.80,10126500000,-0.6,0.0,0.8,0.0,0.0,-2.512,0.0,1.0,0.2656,2.86102294921875e-06,7.744710445404053,7.152557373046875e-07,-0.33239030838012695,4.76837158203125e-07,-6.626003265380859
83,prog,pitch+0.80,10154176000,-0.6,0.0,0.8,0.0,0.0,-2.512,0.0,1.0,0.2656,-4.76837158203125e-07,7.809920310974121,-2.6226043701171875e-06,0.029253005981445312,-1.9073486328125e-06,-6.950360298156738
84,prog,rest,10182055000,-0.6,0.0,0.0,0.0,0.0,-0.0,0.0,1.0,0.2656,4.76837158203125e-07,7.878422737121582,-4.76837158203125e-07,0.8235659599304199,9.5367431640625e-07,-7.522852420806885
85,prog,rest,10209766000,-0.6,0.0,0.0,0.0,0.0,-0.0,0.0,1.0,0.2656,1.430511474609375e-06,5.81684684753418,-4.76837158203125e-07,1.9781875610351562,-4.76837158203125e-07,-10.732278823852539
86,prog,rest,10230638000,-0.6,0.0,0.0,0.0,0.0,-0.0,0.0,1.0,0.2656,1.7881393432617188e-07,0.8788927793502808,-8.940696716308594e-08,2.808185577392578,-1.9073486328125e-06,-12.236747741699219
87,prog,rest,10258349000,-0.6,0.0,0.0,0.0,0.0,-0.0,0.0,1.0,0.2656,4.470348358154297e-08,-0.19227388501167297,1.2665987014770508e-07,2.748328685760498,5.960464477539062e-07,-5.440210342407227
88,prog,rest,10286126000,-0.6,0.0,0.0,0.0,0.0,-0.0,0.0,1.0,0.2656,1.1920928955078125e-07,0.5346851944923401,-5.21540641784668e-08,2.611102342605591,4.76837158203125e-07,-2.488485813140869
89,prog,rest,10306963000,-0.6,0.0,0.0,0.0,0.0,-0.0,0.0,1.0,0.2656,1.1920928955078125e-07,0.5720741152763367,4.470348358154297e-08,2.5943427085876465,5.960464477539062e-07,-2.328036069869995
