k,phase,sim_time_ns,a_thrust,a_roll,a_pitch,a_yaw,cmd_wx,cmd_wy,cmd_wz,cmd_thrust,collective,gyro_x,gyro_y,gyro_z,accel_x,accel_y,accel_z
-1,boot,54765318000,,,,,0.0,0.0,0.0,1.5,0.3984,0.0,0.0,-0.0,-2.999192714691162,-0.0023343563079833984,-9.340286254882812
-1,boot,54786155000,,,,,0.0,0.0,0.0,1.5,0.3984,-0.008355592377483845,-0.01086321659386158,-0.0033519985154271126,-2.975551128387451,0.0753316879272461,-8.356244087219238
-1,boot,54813984000,,,,,0.0,0.0,0.0,1.5,0.3984,0.002401061123237014,0.002117969561368227,0.0005173494573682547,-0.018637537956237793,0.0001468658447265625,-9.792799949645996
-1,boot,54834811000,,,,,0.0,0.0,0.0,1.5,0.3984,0.0007087704725563526,0.00313208787702024,0.0008311162819154561,-0.0007960796356201172,6.389617919921875e-05,-13.218897819519043
-1,boot,54862557000,,,,,0.0,0.0,0.0,1.5,0.3984,-0.0002929282491095364,-0.00016506380052305758,0.0003173834702465683,-0.0015735626220703125,-3.218650817871094e-05,-15.992549896240234
-1,boot,54890371000,,,,,0.0,0.0,0.0,1.5,0.3984,0.00010400434257462621,2.315727761015296e-05,-0.00016268678882624954,-0.0034461021423339844,-5.4836273193359375e-06,-17.398584365844727
-1,boot,54918226000,,,,,0.0,0.0,0.0,1.5,0.3984,9.521411266177893e-05,0.00028854451375082135,-0.00019489246187731624,-0.008362770080566406,8.106231689453125e-06,-18.05011749267578
-1,boot,54938976000,,,,,0.0,0.0,0.0,1.5,0.3984,4.973354225512594e-05,0.00018575758440420032,-7.098470814526081e-05,-0.008553266525268555,-3.5762786865234375e-06,-18.287412643432617
-1,boot,54967043000,,,,,0.0,0.0,0.0,1.5,0.3984,5.0898073823191226e-05,0.0001430357515346259,4.89591620862484e-05,-0.05319356918334961,-3.314018249511719e-05,-18.286752700805664
-1,boot,54994665000,,,,,0.0,0.0,0.0,1.5,0.3984,4.817861190531403e-05,0.00013985048281028867,4.918508057016879e-05,-0.017567157745361328,-1.430511474609375e-06,-18.420339584350586
-1,boot,55015447000,,,,,0.0,0.0,0.0,1.5,0.3984,4.223296127747744e-05,0.00012590899132192135,1.503413022874156e-05,-0.016625165939331055,-3.5762786865234375e-06,-18.405292510986328
-1,boot,55050394000,,,,,0.0,0.0,0.0,1.5,0.3984,3.651389852166176e-05,0.00010645652946550399,-1.6231761037488468e-05,-0.05170083045959473,-2.193450927734375e-05,-18.23512077331543
-1,boot,55071188000,,,,,0.0,0.0,0.0,1.5,0.3984,3.287076106062159e-05,9.693673928268254e-05,-1.2153588613728061e-05,-0.03247237205505371,-7.152557373046875e-07,-18.243438720703125
-1,boot,55092039000,,,,,0.0,0.0,0.0,1.5,0.3984,2.998410491272807e-05,8.836898632580414e-05,-2.8149506761110388e-06,-0.03776073455810547,-9.5367431640625e-07,-18.174095153808594
-1,boot,55126736000,,,,,0.0,0.0,0.0,1.5,0.3984,2.590345684438944e-05,7.592345355078578e-05,4.42252894572448e-06,-0.04723215103149414,-6.67572021484375e-06,-18.051713943481445
-1,boot,55154550000,,,,,0.0,0.0,0.0,1.5,0.3984,2.2594125766772777e-05,6.705103442072868e-05,2.1914229364483617e-06,-0.05559515953063965,-4.76837158203125e-06,-17.949565887451172
-1,boot,55175374000,,,,,0.0,0.0,0.0,1.5,0.3984,2.0598632545443252e-05,6.062711327103898e-05,-1.5566274669254199e-07,-0.062291860580444336,-3.814697265625e-06,-17.87108612060547
-1,boot,55203187000,,,,,0.0,0.0,0.0,1.5,0.3984,1.8227030523121357e-05,5.346082616597414e-05,-1.2464020073821303e-06,-0.07183098793029785,-9.5367431640625e-07,-17.764259338378906
-1,boot,55230864000,,,,,0.0,0.0,0.0,1.5,0.3984,1.607643935130909e-05,4.72975370939821e-05,-4.927737791149411e-07,-0.08184051513671875,-9.5367431640625e-06,-17.656076431274414
-1,boot,55251823000,,,,,0.0,0.0,0.0,1.5,0.3984,1.4779670891584828e-05,4.334338882472366e-05,-2.683827915461734e-08,-0.08990883827209473,-2.6226043701171875e-06,-17.57352638244629
-1,boot,55279559000,,,,,0.0,0.0,0.0,1.5,0.3984,1.3067769032204524e-05,3.788295725826174e-05,2.64184791376465e-07,-0.10114622116088867,-9.775161743164062e-06,-17.46210479736328
-1,boot,55300455000,,,,,0.0,0.0,0.0,1.5,0.3984,1.2053285900037736e-05,3.473903052508831e-05,2.532137841626536e-07,-0.1097874641418457,-2.1457672119140625e-06,-17.378339767456055
-1,boot,55328172000,,,,,0.0,0.0,0.0,1.5,0.3984,1.0117928468389437e-05,3.0494258680846542e-05,-1.5541445463895798e-08,-0.12217473983764648,-7.152557373046875e-06,-17.264503479003906
-1,boot,55355937000,,,,,0.0,0.0,0.0,1.5,0.3984,9.29880297917407e-06,2.702137135202065e-05,-9.510472409601789e-08,-0.13497257232666016,-1.1682510375976562e-05,-17.150205612182617
-1,boot,55376761000,,,,,0.0,0.0,0.0,1.5,0.3984,8.337294275406748e-06,2.4518274585716426e-05,-1.671151039772667e-07,-0.14466285705566406,-2.6226043701171875e-06,-17.064769744873047
-1,boot,55404558000,,,,,0.0,0.0,0.0,1.5,0.3984,7.260694474098273e-06,2.165978185075801e-05,-1.2969439922017045e-07,-0.15887975692749023,-6.9141387939453125e-06,-16.947784423828125
-1,boot,55425366000,,,,,0.0,0.0,0.0,1.5,0.3984,6.736509021720849e-06,1.9666160369524732e-05,2.6875341063714586e-08,-0.16954827308654785,-8.821487426757812e-06,-16.860549926757812
-1,boot,55453168000,,,,,0.0,0.0,0.0,1.5,0.3984,5.89362571190577e-06,1.7177204426843673e-05,2.2501217245007865e-07,-0.18431496620178223,-1.1920928955078125e-05,-16.74361228942871
-1,boot,55480915000,,,,,0.0,0.0,0.0,1.5,0.3984,5.3213316277833655e-06,1.5322588296839967e-05,1.238862523678108e-07,-0.19967174530029297,-2.1457672119140625e-06,-16.62604331970215
-1,boot,55501811000,,,,,0.0,0.0,0.0,1.5,0.3984,4.711190740636084e-06,1.4144628948997706e-05,-2.624392436700873e-08,-0.2115767002105713,-4.291534423828125e-06,-16.53746223449707
-1,boot,55529604000,,,,,0.0,0.0,0.0,1.5,0.3984,4.323468601796776e-06,1.2529828381957486e-05,6.267509888857603e-08,-0.22788071632385254,-5.9604644775390625e-06,-16.419363021850586
-1,boot,55557342000,,,,,0.0,0.0,0.0,1.5,0.3984,3.55640167981619e-06,1.0851456863747444e-05,1.2658301784540527e-07,-0.2445986270904541,-8.106231689453125e-06,-16.30120277404785
-1,boot,55578137000,,,,,0.0,0.0,0.0,1.5,0.3984,3.5378152460907586e-06,9.863668310572393e-06,1.0466624189575668e-07,-0.2574639320373535,-9.5367431640625e-06,-16.21247673034668
-1,boot,55606021000,,,,,0.0,0.0,0.0,1.5,0.3984,3.099692548858002e-06,8.832772437017411e-06,-4.498360794968903e-08,-0.27499961853027344,-1.0728836059570312e-05,-16.094501495361328
-1,boot,55633744000,,,,,0.0,0.0,0.0,1.5,0.3984,2.2833100956631824e-06,7.995713531272486e-06,-7.264770829351619e-08,-0.2931692600250244,-4.0531158447265625e-06,-15.97607421875
-1,boot,55661558000,,,,,0.0,0.0,0.0,1.5,0.3984,2.2058661670598667e-06,7.048363841022365e-06,7.233819587781909e-08,-0.31162166595458984,-4.0531158447265625e-06,-15.858595848083496
-1,boot,55682303000,,,,,0.0,0.0,0.0,1.5,0.3984,2.1932492018095218e-06,6.199402378115337e-06,-7.693006409681402e-08,-0.3257312774658203,-5.0067901611328125e-06,-15.770264625549316
-1,boot,55710132000,,,,,0.0,0.0,0.0,1.5,0.3984,1.6621684153506067e-06,5.520506419998128e-06,-8.690756203577621e-08,-0.3449594974517822,-6.67572021484375e-06,-15.653397560119629
-1,boot,55737893000,,,,,0.0,0.0,0.0,1.5,0.3984,1.3914827832195442e-06,4.699371856986545e-06,-1.5839151501495508e-07,-0.36461591720581055,-6.67572021484375e-06,-15.536526679992676
-1,boot,55765679000,,,,,0.0,0.0,0.0,1.5,0.3984,1.3415906323643867e-06,4.203244770906167e-06,-2.8934584861417534e-07,-0.38478052616119385,-7.867813110351562e-06,-15.420356750488281
-1,boot,55793435000,,,,,0.0,0.0,0.0,1.5,0.3984,1.3671815395355225e-06,3.8827138268970884e-06,-3.90974150832335e-07,-0.405092716217041,-8.344650268554688e-06,-15.30508041381836
-1,boot,55814264000,,,,,0.0,0.0,0.0,1.5,0.3984,1.1270055892964592e-06,3.5766602195508312e-06,-3.232790959373233e-07,-0.4207214117050171,-9.059906005859375e-06,-15.218786239624023
-1,boot,55842076000,,,,,0.0,0.0,0.0,1.5,0.3984,8.06008074505371e-07,2.932217739726184e-06,-2.508905367903935e-07,-0.4417436122894287,-9.298324584960938e-06,-15.104795455932617
-1,boot,55869935000,,,,,0.0,0.0,0.0,1.5,0.3984,7.261885457410244e-07,2.5109131911449367e-06,-1.4907271861375193e-07,-0.4632432460784912,-9.5367431640625e-06,-14.991446495056152
-1,boot,55890707000,,,,,0.0,0.0,0.0,1.5,0.3984,9.511661573924357e-07,2.0757188394782133e-06,5.420758952823235e-09,-0.4794708490371704,-9.655952453613281e-06,-14.907270431518555
-1,boot,55918514000,,,,,0.0,0.0,0.0,1.5,0.3984,8.746344519749982e-07,2.2675444597552996e-06,4.2068677430506796e-09,-0.5012977123260498,-1.0132789611816406e-05,-14.795625686645508
-1,boot,55946294000,,,,,0.0,0.0,0.0,1.5,0.3984,7.818071026122198e-07,2.2775852812628727e-06,3.264773340561078e-09,-0.523592472076416,-1.1086463928222656e-05,-14.685114860534668
-1,boot,55974062000,,,,,0.0,0.0,0.0,1.5,0.3984,8.81918026607309e-07,1.690636963758152e-06,2.5341648779431125e-09,-0.5458670854568481,-1.1205673217773438e-05,-14.575905799865723
-1,boot,55994914000,,,,,0.0,0.0,0.0,1.5,0.3984,5.556946689466713e-07,1.6303476968460018e-06,2.095006834679225e-09,-0.5629452466964722,-1.2040138244628906e-05,-14.494425773620605
-1,boot,56022694000,,,,,0.0,0.0,0.0,1.5,0.3984,3.001788400069927e-07,1.7088771073758835e-06,1.62542335147009e-09,-0.5859522819519043,-1.2278556823730469e-05,-14.386869430541992
-1,boot,56050422000,,,,,0.0,0.0,0.0,1.5,0.3984,7.706314590905095e-07,1.2566462146423873e-06,1.2623644352061092e-09,-0.6090958118438721,-1.3232231140136719e-05,-14.28063678741455
-1,boot,56071308000,,,,,0.0,0.0,0.0,1.5,0.3984,1.5204670944513055e-07,1.2616123967745807e-06,1.0428209407109534e-09,-0.6266688108444214,-1.3589859008789062e-05,-14.201929092407227
-1,boot,56099007000,,,,,0.0,0.0,0.0,1.5,0.3984,3.2709726838220377e-07,1.1440235994086834e-06,8.094076520137605e-10,-0.6502141952514648,-1.3470649719238281e-05,-14.09788703918457
-1,boot,56126794000,,,,,0.0,0.0,0.0,1.5,0.3984,3.9632743664697045e-07,8.281498367068707e-07,6.284253117883054e-10,-0.6738697290420532,-1.3828277587890625e-05,-13.995441436767578
-1,boot,56147649000,,,,,0.0,0.0,0.0,1.5,0.3984,3.3812079891504254e-07,8.077565780695295e-07,5.195630592425005e-10,-0.6918506622314453,-1.430511474609375e-05,-13.919337272644043
-1,boot,56175443000,,,,,0.0,0.0,0.0,1.5,0.3984,-3.44719239819824e-08,4.36263434266948e-07,4.028422040391888e-10,-0.7158522605895996,-1.4066696166992188e-05,-13.818977355957031
-1,boot,56196246000,,,,,0.0,0.0,0.0,1.5,0.3984,2.2843784108772525e-07,8.059676019911421e-07,3.332019105073414e-10,-0.7339094877243042,-1.4066696166992188e-05,-13.744953155517578
-1,boot,56224059000,,,,,0.0,0.0,0.0,1.5,0.3984,1.1910645980606205e-07,5.237750428932486e-07,2.5855229068838526e-10,-0.7582420110702515,-1.4185905456542969e-05,-13.647136688232422
-1,boot,56251879000,,,,,0.0,0.0,0.0,1.5,0.3984,2.839851163116691e-07,4.930984118800552e-07,2.0093793295927753e-10,-0.7827311754226685,-1.4185905456542969e-05,-13.550929069519043
-1,boot,56272786000,,,,,0.0,0.0,0.0,1.5,0.3984,-2.221896693299641e-07,6.435583372876863e-07,1.6510171008121688e-10,-0.8011074066162109,-1.4066696166992188e-05,-13.479259490966797
-1,boot,56300566000,,,,,0.0,0.0,0.0,1.5,0.3984,1.6366581689908344e-07,3.476435779248277e-07,1.2878054178599996e-10,-0.8257671594619751,-1.3947486877441406e-05,-13.385374069213867
-1,boot,56328296000,,,,,0.0,0.0,0.0,1.5,0.3984,2.3365009838016704e-07,1.877926365523308e-07,1.0019363116953173e-10,-0.8503832817077637,-1.4185905456542969e-05,-13.293379783630371
-1,boot,56349123000,,,,,0.0,0.0,0.0,1.5,0.3984,1.6431155813734222e-07,4.0426624536848976e-07,8.264322559625725e-11,-0.8689532279968262,-1.4066696166992188e-05,-13.225154876708984
-1,boot,56376905000,,,,,0.0,0.0,0.0,1.5,0.3984,1.6452699469482468e-07,2.2359408546890336e-07,6.425260323794646e-11,-0.8920555114746094,-1.239776611328125e-05,-13.138548851013184
-1,boot,56404675000,,,,,0.0,0.0,0.0,0.5,0.1328,8.88759643657977e-08,-4.3387430537222826e-08,4.995115432393504e-11,-0.9186372756958008,-1.4185905456542969e-05,-13.04750919342041
-1,boot,56432490000,,,,,0.0,0.0,0.0,0.5,0.1328,4.8009937358983734e-08,2.0813627088500652e-07,3.856293062654004e-11,-0.9425513744354248,-5.960464477539062e-07,4.886909484863281
-1,boot,56453315000,,,,,0.0,0.0,0.0,0.5,0.1328,3.0250888016780664e-08,1.311458106556529e-07,3.18962634082709e-11,-0.960167646408081,6.67572021484375e-06,13.838013648986816
-1,boot,56481075000,,,,,0.0,0.0,0.0,0.5,0.1328,7.762690756862867e-08,1.321292302236543e-07,2.0128020139509317e-08,-0.9844561815261841,7.152557373046875e-06,13.132711410522461
-1,boot,56508942000,,,,,0.0,0.0,0.0,0.5,0.1328,3.882144028466428e-08,2.429772507639427e-07,-2.5880844134462677e-08,-0.985925555229187,3.0994415283203125e-05,9.162364959716797
-1,boot,56529766000,,,,,0.0,0.0,0.0,0.5,0.1328,7.807686586147611e-08,2.0671481593126373e-07,-4.2818374623720956e-08,-1.0277554988861084,2.0265579223632812e-06,5.972862243652344
-1,boot,56557583000,,,,,0.0,0.0,0.0,0.5,0.1328,5.31252339897037e-08,1.2261352821951732e-07,-5.209899711644539e-08,-1.0525764226913452,-2.384185791015625e-07,2.9472479820251465
-1,boot,56578478000,,,,,0.0,0.0,0.0,0.5,0.1328,3.347408039644506e-08,7.725846273842762e-08,-4.3078244971184176e-08,-1.0712287425994873,-1.1920928955078125e-06,1.3661402463912964
-1,boot,56606193000,,,,,0.0,0.0,0.0,0.5,0.1328,3.53066305081029e-08,4.53558861579495e-08,-1.061179677463997e-08,-1.0960040092468262,-2.2649765014648438e-06,-0.042621031403541565
-1,boot,56633990000,,,,,0.0,0.0,0.0,0.5,0.1328,9.621624030842213e-08,1.0164467312279157e-07,-8.235510051690653e-09,-1.1208596229553223,-2.9802322387695312e-06,-0.9068220853805542
-1,boot,56654813000,,,,,0.0,0.0,0.0,0.5,0.1328,6.062575863552411e-08,6.404619057320815e-08,-6.809584007783087e-09,-1.1394450664520264,-3.2782554626464844e-06,-1.3266505002975464
-1,boot,56689524000,,,,,0.0,0.0,0.0,0.5,0.1328,2.8076254210418483e-08,2.966028134210319e-08,-4.960252208974225e-09,-1.1703661680221558,-3.635883331298828e-06,-1.7692354917526245
-1,boot,56710375000,,,,,0.0,0.0,0.0,0.5,0.1328,1.769077684343756e-08,1.8688865566218738e-08,-4.101407213852326e-09,-1.1889013051986694,-3.814697265625e-06,-1.9417002201080322
-1,boot,56745140000,,,,,0.0,0.0,0.0,0.5,0.1328,8.187550193383686e-09,8.649477578615006e-09,-2.986808578242517e-09,-1.219643235206604,-3.993511199951172e-06,-2.145437717437744
-1,boot,56765961000,,,,,0.0,0.0,0.0,0.5,0.1328,5.158980354025289e-09,5.450038642607069e-09,-2.4696595879447614e-09,-1.2379257678985596,-3.993511199951172e-06,-2.237823009490967
-1,boot,56793754000,,,,,0.0,0.0,0.0,0.5,0.1328,8.320818523088747e-08,8.336544965459325e-08,4.2336310457358195e-08,-1.2623894214630127,-4.112720489501953e-06,-2.3416426181793213
-1,boot,56821501000,,,,,0.0,0.0,0.0,0.5,0.1328,2.1975409936203505e-08,6.800492258207669e-08,-8.666130923984383e-09,-1.2867462635040283,-4.351139068603516e-06,-2.4314310550689697
-1,boot,56842370000,,,,,0.0,0.0,0.0,0.5,0.1328,-7.000030777248867e-09,2.2003041166840376e-08,3.978998464049255e-08,-1.3055109977722168,-5.364418029785156e-06,-2.49595046043396
-1,boot,56870122000,,,,,0.0,0.0,0.0,0.5,0.1328,3.196112885461844e-08,4.762713956552034e-08,5.22971639327352e-08,-1.328951358795166,-4.5299530029296875e-06,-2.5697872638702393
-1,boot,56890993000,,,,,0.0,0.0,0.0,0.5,0.1328,-2.582488534130789e-08,7.597342488452341e-08,4.050324520221693e-10,-1.3470275402069092,-4.76837158203125e-06,-2.6245250701904297
-1,boot,56918767000,,,,,0.0,0.0,0.0,0.5,0.1328,-7.268598523069159e-08,-1.7696102361242083e-08,-6.40268922325049e-08,-1.3707995414733887,-4.708766937255859e-06,-2.694302558898926
-1,boot,56946482000,,,,,0.0,0.0,0.0,0.5,0.1328,4.499249683931339e-08,7.46972688148162e-08,-7.250895350807696e-08,-1.394474983215332,-4.708766937255859e-06,-2.7609939575195312
-1,boot,56967449000,,,,,0.0,0.0,0.0,0.5,0.1328,2.8335950474911442e-08,4.7043752005038186e-08,-5.99428844338945e-08,-1.4122520685195923,-4.887580871582031e-06,-2.8094332218170166
-1,boot,56995149000,,,,,0.0,0.0,0.0,0.5,0.1328,-2.4098865125665725e-08,-1.3993105341114642e-08,-2.765168183316291e-08,-1.4356781244277954,-4.887580871582031e-06,-2.871551990509033
-1,boot,57022943000,,,,,0.0,0.0,0.0,0.5,0.1328,-1.301795826691432e-08,-7.558904613347295e-09,-1.356665335627838e-09,-1.4589594602584839,-5.0067901611328125e-06,-2.931741952896118
-1,boot,57043768000,,,,,0.0,0.0,0.0,0.5,0.1328,-8.202619916630738e-09,-4.7628687660505875e-09,-1.1217626827431104e-09,-1.4764052629470825,-5.066394805908203e-06,-2.9752860069274902
-1,boot,57071543000,,,,,0.0,0.0,0.0,0.5,0.1328,-4.430949829270503e-09,-2.5728408292735594e-09,-8.70572391953317e-10,-1.499389886856079,-5.125999450683594e-06,-3.031313896179199
-1,boot,57092403000,,,,,0.0,0.0,0.0,0.5,0.1328,-2.791949338387667e-09,-1.621152101449752e-09,-7.198370788330521e-10,-1.5165390968322754,-5.245208740234375e-06,-3.0724103450775146
-1,boot,57120222000,,,,,0.0,0.0,0.0,0.5,0.1328,-1.5081678128581189e-09,-8.75721495319226e-10,-5.586476836683119e-10,-1.5396010875701904,-5.9604644775390625e-06,-3.1264407634735107
-1,boot,57154883000,,,,,0.0,0.0,0.0,0.5,0.1328,-6.984037792534536e-10,-4.0553013724853315e-10,-4.0692066383130054e-10,-1.567272424697876,-5.4836273193359375e-06,-3.1874942779541016
-1,boot,57175840000,,,,,0.0,0.0,0.0,0.5,0.1328,-4.4006326360701564e-10,-2.5552415738872014e-10,-3.36463967798295e-10,-1.5841337442398071,-5.4836273193359375e-06,-3.2244784832000732
-1,boot,57203494000,,,,,0.0,0.0,0.0,0.5,0.1328,-2.3771815071960134e-10,-1.3803191922789892e-10,-2.6112273454614865e-10,-1.6062264442443848,-5.7220458984375e-06,-3.271488904953003
-1,boot,57231236000,,,,,0.0,0.0,0.0,0.5,0.1328,-1.2841189223067317e-10,-7.456294609520242e-11,-2.0265122913087907e-10,-1.6282548904418945,-5.7220458984375e-06,-3.3167781829833984
-1,boot,57252135000,,,,,0.0,0.0,0.0,0.5,0.1328,-8.091134706678105e-11,-4.698160610550062e-11,-1.6756239451520827e-10,-1.6470680236816406,-1.0132789611816406e-05,-3.3606529235839844
-1,boot,57273002000,,,,,0.0,0.0,0.0,0.5,0.1328,-5.096635266599314e-11,-2.959393494150753e-11,-1.385328657343976e-10,-1.6607496738433838,-5.841255187988281e-06,-3.3812806606292725
-1,boot,57307672000,,,,,0.0,0.0,0.0,0.5,0.1328,-2.3602730880867284e-11,-1.3705137719144389e-11,-1.0090993318723207e-10,-1.6875168085098267,-5.9604644775390625e-06,-3.432093620300293
-1,boot,57335435000,,,,,0.0,0.0,0.0,0.5,0.1328,-1.2749856725946529e-11,-7.403357440982639e-12,-7.831392478951926e-11,-1.7087537050247192,-6.198883056640625e-06,-3.4710497856140137
-1,boot,57356283000,,,,,0.0,0.0,0.0,0.5,0.1328,-8.0336483992971e-12,-4.66485877703704e-12,-6.475420893936601e-11,-1.724398136138916,-5.9604644775390625e-06,-3.4991044998168945
-1,boot,57384056000,,,,,0.0,0.0,0.0,0.5,0.1328,-4.339628916633087e-12,-2.5198970514395125e-12,-5.025418969850648e-11,-1.745177149772644,-6.198883056640625e-06,-3.5350348949432373
-1,boot,57411834000,,,,,0.0,0.0,0.0,0.5,0.1328,-2.3441942831325946e-12,-1.3612249348537997e-12,-3.900114606270044e-11,-1.7658772468566895,-6.4373016357421875e-06,-3.569932222366333
-1,boot,57432640000,,,,,0.0,0.0,0.0,0.5,0.1328,-1.4770539392278126e-12,-8.577084355254616e-13,-3.2248207576524024e-11,-1.7811894416809082,-6.556510925292969e-06,-3.5948760509490967
-1,boot,57460431000,,,,,0.0,0.0,0.0,0.5,0.1328,-7.978691492216416e-13,-4.633262089964729e-13,-2.502706028528756e-11,-1.8012803792953491,-6.318092346191406e-06,-3.626699686050415
-1,boot,57481250000,,,,,0.0,0.0,0.0,0.5,0.1328,-5.027269833063341e-13,-2.9194376950647527e-13,-2.0693696756168833e-11,-1.8162791728973389,-6.318092346191406e-06,-3.6495420932769775
-1,boot,57509144000,,,,,0.0,0.0,0.0,0.5,0.1328,-2.7123355644809166e-13,-1.575187463104255e-13,-1.6052348686401707e-11,-1.8361222743988037,-6.556510925292969e-06,-3.679217576980591
-1,boot,57529920000,,,,,0.0,0.0,0.0,0.5,0.1328,-1.7089921058172086e-13,-9.925458892279249e-14,-1.3272942640807361e-11,-1.8508580923080444,-6.67572021484375e-06,-3.7004599571228027
-1,boot,57557749000,,,,,0.0,0.0,0.0,0.5,0.1328,-9.231190031128156e-14,-5.3618351078532633e-14,-1.03008226948198e-11,-1.8702894449234009,-6.67572021484375e-06,-3.7275373935699463
-1,boot,57585486000,,,,,0.0,0.0,0.0,0.5,0.1328,-4.9862024231739355e-14,-2.8965653660339985e-14,-7.99422941039074e-12,-1.8894600868225098,-6.67572021484375e-06,-3.7530059814453125
-1,boot,57606330000,,,,,0.0,0.0,0.0,0.5,0.1328,-3.141573372972273e-14,-1.825243515357622e-14,-6.610076201674087e-12,-1.9037102460861206,-6.9141387939453125e-06,-3.771615982055664
-1,boot,57634069000,,,,,0.0,0.0,0.0,0.5,0.1328,-1.696798083983264e-14,-9.860872968864287e-15,-5.129927298924697e-12,-1.9224714040756226,-6.9141387939453125e-06,-3.794748544692993
-1,boot,57661885000,,,,,0.0,0.0,0.0,0.5,0.1328,-9.164164652825102e-15,-5.327606845267896e-15,-3.981232878091934e-12,-1.9416148662567139,-8.344650268554688e-06,-3.819613456726074
-1,boot,57689718000,,,,,0.0,0.0,0.0,0.5,0.1328,-4.948515555658339e-15,-2.878339927514517e-15,-3.0896377036654377e-12,-1.9593852758407593,-7.152557373046875e-06,-3.8376731872558594
-1,boot,57717442000,,,,,0.0,0.0,0.0,0.5,0.1328,-2.6719891490362135e-15,-1.5553964366477047e-15,-2.397793769093326e-12,-1.977358341217041,-7.033348083496094e-06,-3.857003688812256
-1,boot,57745204000,,,,,0.0,0.0,0.0,0.5,0.1328,-1.4425580955462758e-15,-8.40663259490948e-16,-1.860874085032882e-12,-1.9952824115753174,-7.271766662597656e-06,-3.8750216960906982
-1,boot,57766050000,,,,,0.0,0.0,0.0,0.5,0.1328,-9.083716851626678e-16,-5.299580219109146e-16,-1.5386732686584192e-12,-2.00840163230896,-7.152557373046875e-06,-3.888026714324951
-1,boot,57793887000,,,,,0.0,0.0,0.0,0.5,0.1328,-4.901542496535405e-16,-2.8654108166076275e-16,-1.1941320328390237e-12,-2.025979518890381,-7.510185241699219e-06,-3.9080238342285156
-1,boot,57821687000,,,,,0.0,0.0,0.0,0.5,0.1328,-2.64328489651966e-16,-1.55013805611115e-16,-9.267381783847894e-13,-2.043206214904785,-7.510185241699219e-06,-3.9676923751831055
-1,boot,57842493000,,,,,0.0,0.0,0.0,0.5,0.1328,-1.6624885062349604e-16,-9.780858848534857e-17,-7.662790215724746e-13,-2.0558950901031494,-7.510185241699219e-06,-4.013007640838623
-1,boot,57870277000,,,,,0.0,0.0,0.0,0.5,0.1328,-8.950766560225643e-17,-5.294972359876082e-17,-5.946930773347014e-13,-2.072719097137451,-7.62939453125e-06,-4.073962211608887
-1,boot,57891072000,,,,,0.0,0.0,0.0,0.5,0.1328,-5.622265890695144e-17,-3.3467965811911915e-17,-4.917231444072356e-13,-2.085129499435425,-7.748603820800781e-06,-4.119981288909912
-1,boot,57918826000,,,,,0.0,0.0,0.0,0.5,0.1328,-3.0188254240143264e-17,-1.81603863891322e-17,-3.8161639646927537e-13,-2.1015615463256836,-7.867813110351562e-06,-4.182220935821533
-1,boot,57946643000,,,,,0.0,0.0,0.0,0.5,0.1328,-1.616138863361205e-17,-9.869627901407108e-18,-2.9613822245116994e-13,-2.1165380477905273,-4.887580871582031e-06,-4.237802505493164
-1,boot,57967409000,,,,,0.0,0.0,0.0,0.5,0.1328,-1.0093244599482243e-17,-6.2680438096818225e-18,-2.4486342857857335e-13,-2.129758834838867,-8.106231689453125e-06,-4.291579246520996
-1,boot,57995212000,,,,,0.0,0.0,0.0,0.5,0.1328,-5.356636358436195e-18,-3.4254012386963906e-18,-1.9002620386520536e-13,-2.144993782043457,-6.9141387939453125e-06,-4.351334571838379
-1,boot,58016097000,,,,,0.0,0.0,0.0,0.5,0.1328,-3.313592889658823e-18,-2.185345003916095e-18,-1.571241509297494e-13,-2.157180070877075,-8.344650268554688e-06,-4.401440143585205
-1,boot,58050783000,,,,,0.0,0.0,0.0,1.0,0.2656,-1.4653669987499396e-18,-1.043544591017298e-18,-1.144521895877007e-13,-2.176311492919922,-8.344650268554688e-06,-4.480066299438477
-1,boot,58071702000,,,,,0.0,0.0,0.0,1.0,0.2656,-8.876905287225068e-19,-6.742382260144231e-19,-9.463386834145798e-14,-2.188417434692383,-1.049041748046875e-05,-6.2704362869262695
-1,boot,58092520000,,,,,0.0,0.0,0.0,1.0,0.2656,-5.310896579284463e-19,-4.396100996249819e-19,-7.824851742032832e-14,-2.2003188133239746,-1.2814998626708984e-05,-7.876482009887695
-1,boot,58120417000,,,,,0.0,0.0,0.0,1.0,0.2656,-2.591920818598159e-19,-2.524158182817815e-19,-6.072697005627889e-14,-2.215590000152588,-1.4424324035644531e-05,-9.15639591217041
-1,boot,58147993000,,,,,0.0,0.0,0.0,1.0,0.2656,-1.1689054672109345e-19,-1.4653669987499396e-19,-4.712883864632991e-14,-2.2304024696350098,-1.5139579772949219e-05,-9.821927070617676
-1,boot,58182771000,,,,,0.0,0.0,0.0,1.0,0.2656,-3.5151867311053464e-20,-7.707999820014133e-20,-3.432956772585899e-14,-2.248344898223877,-1.5854835510253906e-05,-10.212030410766602
-1,boot,58203648000,,,,,0.0,0.0,0.0,1.0,0.2656,-1.2705494208814505e-20,-5.378659215064807e-20,-2.8385530959160882e-14,-2.2596914768218994,-1.8477439880371094e-05,-10.326703071594238
-1,boot,58231376000,,,,,0.0,0.0,0.0,1.0,0.2656,4.235164736271502e-21,-3.3881317890172014e-20,-2.2027754173112833e-14,-2.2726216316223145,-1.615285873413086e-05,-10.415217399597168
-1,boot,58252177000,,,,,0.0,0.0,0.0,1.0,0.2656,9.317362419797304e-21,-2.4775713707188285e-20,-1.821374607667743e-14,-2.282954216003418,-1.6450881958007812e-05,-10.446046829223633
-1,boot,58279984000,,,,,0.0,0.0,0.0,1.0,0.2656,1.164670302474663e-20,-1.6517142471458857e-20,-1.4135251942461874e-14,-2.296375274658203,-1.621246337890625e-05,-10.462685585021973
-1,boot,58307776000,,,,,0.0,0.0,0.0,1.0,0.2656,1.1964340379966992e-20,-1.1329065669526267e-20,-1.0970071930656213e-14,-2.309598684310913,-1.6748905181884766e-05,-10.467706680297852
-1,boot,58328606000,,,,,0.0,0.0,0.0,1.0,0.2656,1.1117307432712692e-20,-8.999725064576941e-21,-9.0706606857777e-15,-2.3194167613983154,-1.6450881958007812e-05,-10.467608451843262
-1,boot,58356400000,,,,,0.0,0.0,0.0,1.0,0.2656,9.211483301390516e-21,-6.45862622281404e-21,-7.039556146391877e-15,-2.3322370052337646,-1.6450881958007812e-05,-10.464860916137695
-1,boot,58384175000,,,,,0.0,0.0,0.0,1.0,0.2656,7.887994321305672e-21,-4.7645603283054394e-21,-5.46172815971851e-15,-2.3449349403381348,-1.6748905181884766e-05,-10.460386276245117
-1,boot,58405018000,,,,,0.0,0.0,0.0,1.0,0.2656,6.299807545203859e-21,-3.864587821847745e-21,-4.51605864927292e-15,-2.354311943054199,-1.6808509826660156e-05,-10.456482887268066
-1,boot,58432798000,,,,,0.0,0.0,0.0,1.0,0.2656,5.135137242729196e-21,-2.9116757561866574e-21,-3.5048150244244543e-15,-2.366567850112915,-1.6927719116210938e-05,-10.450901985168457
-1,boot,58460557000,,,,,0.0,0.0,0.0,1.0,0.2656,3.970466940254533e-21,-2.1705219273391446e-21,-2.7200133760466906e-15,-2.378749132156372,-1.6868114471435547e-05,-10.445043563842773
-1,boot,58481401000,,,,,0.0,0.0,0.0,1.0,0.2656,3.3351922298138076e-21,-1.7205356741102976e-21,-2.2490509871538012e-15,-2.387634038925171,-1.6927719116210938e-05,-10.440553665161133
-1,boot,58509183000,,,,,0.0,0.0,0.0,1.0,0.2656,2.6469779601696886e-21,-1.3234889800848443e-21,-1.7454378074848636e-15,-2.3993091583251953,-1.71661376953125e-05,-10.43450927734375
-1,boot,58537054000,,,,,0.0,0.0,0.0,1.0,0.2656,2.1308172579365993e-21,-1.0190865146653301e-21,-1.3545975356221793e-15,-2.4109675884246826,-1.7523765563964844e-05,-10.428287506103516
-1,boot,58564723000,,,,,0.0,0.0,0.0,1.0,0.2656,1.641126335305207e-21,-7.940933880509066e-22,-1.0512688962215468e-15,-2.4222617149353027,-1.722574234008789e-05,-10.422136306762695
-1,boot,58585552000,,,,,0.0,0.0,0.0,1.0,0.2656,1.3367238698856927e-21,-6.617444900424221e-22,-8.692446392905907e-16,-2.430708169937134,-1.7583370208740234e-05,-10.417490005493164
-1,boot,58613370000,,,,,0.0,0.0,0.0,1.0,0.2656,1.0323214044661785e-21,-5.0954325733266505e-22,-6.746025560608608e-16,-2.44171142578125,-1.7583370208740234e-05,-10.411108016967773
-1,boot,58634166000,,,,,0.0,0.0,0.0,1.0,0.2656,8.404155023538761e-22,-4.235164736271502e-22,-5.577986713981833e-16,-2.4498000144958496,-1.7702579498291016e-05,-10.40646743774414
-1,boot,58661970000,,,,,0.0,0.0,0.0,1.0,0.2656,6.683619349428464e-22,-3.1763735522036263e-22,-4.3289418714443934e-16,-2.4605236053466797,-1.7642974853515625e-05,-10.400151252746582
-1,boot,58689770000,,,,,0.0,0.0,0.0,1.0,0.2656,4.996170899820287e-22,-2.514629062161204e-22,-3.359591807952856e-16,-2.4709877967834473,-1.7940998077392578e-05,-10.393808364868164
-1,boot,58717506000,,,,,0.0,0.0,0.0,1.0,0.2656,3.970466940254533e-22,-1.9852334701272664e-22,-2.607195469615114e-16,-2.4811830520629883,-1.7344951629638672e-05,-10.387565612792969
-1,boot,58738437000,,,,,0.0,0.0,0.0,1.0,0.2656,3.2425480012078685e-22,-1.5881867761018131e-22,-2.1557689956781389e-16,-2.4889421463012695,-1.806020736694336e-05,-10.382610321044922
-1,boot,58766121000,,,,,0.0,0.0,0.0,1.0,0.2656,2.564259898914386e-22,-1.2738581433316626e-22,-1.6730408162220748e-16,-2.49892520904541,-1.811981201171875e-05,-10.376194953918457
-1,boot,58787030000,,,,,0.0,0.0,0.0,1.0,0.2656,2.117582368135751e-22,-1.0918784085699965e-22,-1.3833611069148205e-16,-2.506277084350586,-1.811981201171875e-05,-10.371501922607422
-1,boot,58814778000,,,,,0.0,0.0,0.0,1.0,0.2656,1.6874484496081765e-22,-7.940933880509066e-23,-1.0735985773004117e-16,-2.516036033630371,-1.8417835235595703e-05,-10.364990234375
-1,boot,58842738000,,,,,0.0,0.0,0.0,1.0,0.2656,1.2986735617082534e-22,-6.28657265540301e-23,-8.331965317120033e-17,-2.525513172149658,-1.8298625946044922e-05,-10.358606338500977
-1,boot,58863364000,,,,,0.0,0.0,0.0,1.0,0.2656,1.0670629901934057e-22,-5.1285197978287716e-23,-6.889335197303461e-17,-2.5324714183807373,-1.8417835235595703e-05,-10.353775024414062
-1,boot,58891171000,,,,,0.0,0.0,0.0,1.0,0.2656,8.35452418678558e-23,-3.970466940254533e-23,-5.3466688320549314e-17,-2.5418059825897217,-1.8656253814697266e-05,-10.3472900390625
-1,boot,58918898000,,,,,0.0,0.0,0.0,1.0,0.2656,6.534726839168919e-23,-3.143286327701505e-23,-4.14942151007997e-17,-2.550844669342041,-1.8596649169921875e-05,-10.340853691101074
-1,boot,58939800000,,,,,0.0,0.0,0.0,1.0,0.2656,5.418033012222331e-23,-2.6056189295420372e-23,-3.430964193751932e-17,-2.5575690269470215,-1.8835067749023438e-05,-10.336003303527832
-1,boot,58967543000,,,,,0.0,0.0,0.0,1.0,0.2656,4.17726209339279e-23,-2.0679515313825692e-23,-2.662694391808196e-17,-2.5663418769836426,-1.8894672393798828e-05,-10.32960319519043
-1,boot,58995301000,,,,,0.0,0.0,0.0,1.0,0.2656,3.1846453583291565e-23,-1.550963648536927e-23,-2.0664554925267058e-17,-2.5749826431274414,-1.8835067749023438e-05,-10.323150634765625
-1,boot,59016108000,,,,,0.0,0.0,0.0,1.0,0.2656,2.6469779601696886e-23,-1.2821299494571929e-23,-1.7086610001087313e-17,-2.5813021659851074,-1.895427703857422e-05,-10.31828498840332
-1,boot,59050910000,,,,,0.0,0.0,0.0,1.0,0.2656,1.9231949241857893e-23,-9.512577044359818e-24,-1.2436992209160405e-17,-2.587103843688965,6.794929504394531e-06,-10.321337699890137
1,prog,59078719000,-0.6,0.0,0.0,0.0,0.0,-0.0,0.0,1.0,0.2656,1.478585344938537e-23,-7.237830359838992e-24,-9.652071128499536e-18,-2.5997979640960693,-1.901388168334961e-05,-10.303858757019043
2,prog,59100813000,-0.6,0.0,0.0,0.0,0.0,-0.0,0.0,1.0,0.2656,1.2200914035157158e-23,-5.997059441009451e-24,-7.980864370218838e-18,-2.6647467613220215,-0.0003598928451538086,-10.155716896057129
3,prog,59121653000,-0.6,0.0,0.0,0.0,0.0,-0.0,0.0,1.0,0.2656,1.002956492720546e-23,-4.963083675318166e-24,-6.52314589700287e-18,-2.6122190952301025,-1.9431114196777344e-05,-10.293967247009277
4,prog,59142464000,-0.6,0.0,0.0,0.0,0.0,-0.0,0.0,1.0,0.2656,8.375203702099405e-24,-4.084204274480574e-24,-5.393687018843364e-18,-2.6180367469787598,-1.9311904907226562e-05,-10.289178848266602
5,prog,59177228000,-0.6,0.0,0.0,0.0,0.0,-0.0,0.0,1.0,0.2656,6.100457017578579e-24,-2.9985297205047253e-24,-3.928856033130359e-18,-2.627586841583252,-1.9669532775878906e-05,-10.281221389770508
6,prog,59205060000,-0.6,0.0,0.0,0.0,0.0,-0.0,0.0,1.0,0.2656,4.807987310464473e-24,-2.3264454728053903e-24,-3.049065286052887e-18,-2.6350722312927246,-1.9669532775878906e-05,-10.274826049804688
7,prog,59225787000,-0.6,0.0,0.0,0.0,0.0,-0.0,0.0,1.0,0.2656,3.9549573037691636e-24,-1.9128551665288765e-24,-2.52113525126924e-18,-2.6406126022338867,-1.9788742065429688e-05,-10.270102500915527
8,prog,59253586000,-0.6,0.0,0.0,0.0,0.0,-0.0,0.0,1.0,0.2656,3.0243791146470074e-24,-1.4475660719677984e-24,-1.956598338477059e-18,-2.647815227508545,-1.990795135498047e-05,-10.263786315917969
9,prog,59281317000,-0.6,0.0,0.0,0.0,0.0,-0.0,0.0,1.0,0.2656,2.3781442610899546e-24,-1.111523948118131e-24,-1.5184720974734205e-18,-2.6549525260925293,-2.002716064453125e-05,-10.257492065429688
10,prog,59302165000,-0.6,0.0,0.0,0.0,0.0,-0.0,0.0,1.0,0.2656,1.9257798636000176e-24,-9.305781891221561e-25,-1.2555506718219093e-18,-2.6602206230163574,-2.0265579223632812e-05,-10.25275993347168
11,prog,59329957000,-0.6,0.0,0.0,0.0,0.0,-0.0,0.0,1.0,0.2656,1.4992648602523627e-24,-7.237830359838992e-25,-9.744018043849093e-19,-2.66701602935791,-2.002716064453125e-05,-10.246550559997559
12,prog,59357794000,-0.6,0.0,0.0,0.0,0.0,-0.0,0.0,1.0,0.2656,1.1890721305449773e-24,-5.557619740590655e-25,-7.562106873450859e-19,-2.6738061904907227,-2.014636993408203e-05,-10.240354537963867
13,prog,59378648000,-0.6,0.0,0.0,0.0,0.0,-0.0,0.0,1.0,0.2656,9.822769774067204e-25,-4.717514430966486e-25,-6.252773021598328e-19,-2.6787261962890625,-2.0384788513183594e-05,-10.235661506652832
14,prog,59406376000,-0.6,0.0,0.0,0.0,0.0,-0.0,0.0,1.0,0.2656,7.625571271973224e-25,-3.618915179919496e-25,-4.852641621857383e-19,-2.6853184700012207,-2.0384788513183594e-05,-10.229411125183105
15,prog,59434096000,-0.6,0.0,0.0,0.0,0.0,-0.0,0.0,1.0,0.2656,5.816113682013476e-25,-2.8434333556510326e-25,-3.766026149934755e-19,-2.6917002201080322,-2.0623207092285156e-05,-10.223262786865234
16,prog,59454982000,-0.6,0.0,0.0,0.0,0.0,-0.0,0.0,1.0,0.2656,4.814449659000044e-25,-2.4233807008389483e-25,-3.1139581220955547e-19,-2.6963648796081543,-2.0623207092285156e-05,-10.218698501586914
17,prog,59482752000,-0.6,0.0,0.0,0.0,0.0,-0.0,0.0,1.0,0.2656,3.7481621506309067e-25,-1.8417693326376007e-25,-2.416677694443913e-19,-2.702666997909546,-2.0742416381835938e-05,-10.21255111694336
18,prog,59510564000,-0.6,0.0,0.0,0.0,0.0,-0.0,0.0,1.0,0.2656,3.004992069040296e-25,-1.4217166778255163e-25,-1.8755292876222747e-19,-2.7086803913116455,-2.086162567138672e-05,-10.206522941589355
19,prog,59538588000,-0.6,0.0,0.0,0.0,0.0,-0.0,0.0,1.0,0.2656,2.2456661161107587e-25,-1.1309109937248425e-25,-1.455350487766776e-19,-2.714656114578247,-2.09808349609375e-05,-10.200479507446289
20,prog,59559140000,-0.6,0.0,0.0,0.0,0.0,-0.0,0.0,1.0,0.2656,1.8902369466543796e-25,-9.04728794979874e-26,-1.203362968096538e-19,-2.719005823135376,-2.110004425048828e-05,-10.195984840393066
21,prog,59586897000,-0.6,0.0,0.0,0.0,0.0,-0.0,0.0,1.0,0.2656,1.4701842918422953e-25,-6.947024675738318e-26,-9.339038429255314e-20,-2.7247071266174316,-2.1219253540039062e-05,-10.189934730529785
22,prog,59614686000,-0.6,0.0,0.0,0.0,0.0,-0.0,0.0,1.0,0.2656,1.1309109937248425e-25,-5.492996255234949e-26,-7.247810810917327e-20,-2.730422019958496,-2.1338462829589844e-05,-10.183975219726562
23,prog,59635492000,-0.6,0.0,0.0,0.0,0.0,-0.0,0.0,1.0,0.2656,9.370405376577267e-26,-4.52364397489937e-26,-5.992872485393254e-20,-2.7345595359802246,-2.1457672119140625e-05,-10.17959213256836
24,prog,59663289000,-0.6,0.0,0.0,0.0,0.0,-0.0,0.0,1.0,0.2656,7.350921459211476e-26,-3.554291694563791e-26,-4.650951594815256e-20,-2.740007162094116,-2.181529998779297e-05,-10.173601150512695
25,prog,59691222000,-0.6,0.0,0.0,0.0,0.0,-0.0,0.0,1.0,0.2656,5.452606576887634e-26,-2.7464981276174747e-26,-3.6077753835138796e-20,-2.7434232234954834,-5.0067901611328125e-06,-10.174607276916504
26,prog,59711973000,-0.6,0.0,0.0,0.0,0.0,-0.0,0.0,1.0,0.2656,4.52364397489937e-26,-2.261821987449685e-26,-2.983099247788917e-20,-2.7492213249206543,-2.1576881408691406e-05,-10.1657133102417
27,prog,59739786000,-0.6,0.0,0.0,0.0,0.0,-0.0,0.0,1.0,0.2656,3.554291694563791e-26,-1.7367561689345796e-26,-2.315118591409669e-20,-2.754478693008423,-2.181529998779297e-05,-10.16185188293457
28,prog,59767535000,-0.6,0.0,0.0,0.0,0.0,-0.0,0.0,1.0,0.2656,2.8070826451384484e-26,-1.3732490638087374e-26,-1.7967148079998833e-20,-2.7595152854919434,-2.2292137145996094e-05,-10.157998085021973
29,prog,59788440000,-0.6,0.0,0.0,0.0,0.0,-0.0,0.0,1.0,0.2656,2.261821987449685e-26,-1.1309109937248425e-26,-1.4856175110562314e-20,-2.7632131576538086,-2.205371856689453e-05,-10.155163764953613
30,prog,59816117000,-0.6,0.0,0.0,0.0,0.0,-0.0,0.0,1.0,0.2656,1.7569510081082375e-26,-8.885729236409477e-27,-1.1529566495190878e-20,-2.7680392265319824,-2.2172927856445312e-05,-10.151283264160156
31,prog,59836951000,-0.6,0.0,0.0,0.0,0.0,-0.0,0.0,1.0,0.2656,1.44393100091654e-26,-7.371116298385134e-27,-9.533254136292943e-21,-2.7717056274414062,-2.2411346435546875e-05,-10.14834976196289
32,prog,59864783000,-0.6,0.0,0.0,0.0,0.0,-0.0,0.0,1.0,0.2656,1.1511058328985004e-26,-5.6545549686242126e-27,-7.398551391299332e-21,-2.7764458656311035,-2.2411346435546875e-05,-10.144495010375977
33,prog,59892599000,-0.6,0.0,0.0,0.0,0.0,-0.0,0.0,1.0,0.2656,8.986703432277766e-27,-4.341890422336449e-27,-5.73888538583914e-21,-2.7810347080230713,-2.2292137145996094e-05,-10.140615463256836
34,prog,59913536000,-0.6,0.0,0.0,0.0,0.0,-0.0,0.0,1.0,0.2656,7.371116298385134e-27,-3.534096855390133e-27,-4.745218115241693e-21,-2.784480094909668,-2.2530555725097656e-05,-10.137622833251953
35,prog,59941314000,-0.6,0.0,0.0,0.0,0.0,-0.0,0.0,1.0,0.2656,5.6545549686242126e-27,-2.8272774843121063e-27,-3.682671094984301e-21,-2.788912773132324,-2.276897430419922e-05,-10.133665084838867
36,prog,59968947000,-0.6,0.0,0.0,0.0,0.0,-0.0,0.0,1.0,0.2656,4.341890422336449e-27,-2.1709452111682245e-27,-2.8580410906189063e-21,-2.793269634246826,-2.276897430419922e-05,-10.129695892333984
37,prog,59989865000,-0.6,0.0,0.0,0.0,0.0,-0.0,0.0,1.0,0.2656,3.6350710512584224e-27,-1.8175355256292112e-27,-2.3631748365524806e-21,-2.796506404876709,-2.300739288330078e-05,-10.126811027526855
38,prog,60017571000,-0.6,0.0,0.0,0.0,0.0,-0.0,0.0,1.0,0.2656,2.8272774843121063e-27,-1.3883951931889808e-27,-1.833946457786901e-21,-2.8007144927978516,-2.300739288330078e-05,-10.122807502746582
39,prog,60045443000,-0.6,0.0,0.0,0.0,0.0,-0.0,0.0,1.0,0.2656,2.2214323091023692e-27,-1.0602290566170399e-27,-1.4232539089834152e-21,-2.8049087524414062,-2.3365020751953125e-05,-10.118782043457031
40,prog,60066263000,-0.6,0.0,0.0,0.0,0.0,-0.0,0.0,1.0,0.2656,1.792291976662139e-27,-8.961459883310694e-28,-1.1768216381796488e-21,-2.807954788208008,-2.3603439331054688e-05,-10.115678787231445
41,prog,60100939000,-0.6,0.0,0.0,0.035884,0.0,-0.0,0.11267576000000012,1.0,0.2656,1.3252863207712998e-27,-6.563322731438818e-28,-8.572102374300611e-22,-2.812868118286133,-2.3484230041503906e-05,-10.1107816696167
42,prog,60128808000,-0.6,0.0,0.0,0.080346,0.0,-0.0,0.2522864400000002,1.0,0.2656,5.587935447692871e-09,3.91155481338501e-08,-0.12611123919487,-2.815077304840088,0.0024842023849487305,-10.138513565063477
43,prog,60149647000,-0.6,0.0,0.0,0.13235,0.0,-0.0,0.4155789999999997,1.0,0.2656,6.705522537231445e-08,1.862645149230957e-08,-0.3712272346019745,-2.819599151611328,0.007313728332519531,-10.215437889099121
44,prog,60177419000,-0.6,0.0,0.0,0.189943,0.0,-0.0,0.5964210199999997,1.0,0.2656,2.2351741790771484e-08,-5.960464477539063e-08,-0.7975532412528992,-2.8225176334381104,0.01659715175628662,-10.316959381103516
45,prog,60198236000,-0.6,0.0,0.0,0.249944,0.0,-0.0,0.7848241599999999,1.0,0.2656,-2.5331974029541016e-07,-2.5331974029541016e-07,-1.2123414278030396,-2.822284460067749,0.02781200408935547,-10.47146987915039
46,prog,60226017000,-0.6,0.0,0.0,0.307704,0.0,-0.0,0.9661905599999998,1.0,0.2656,2.9802322387695312e-08,-5.960464477539063e-08,-1.7398779392242432,-2.813239097595215,0.05086076259613037,-10.546253204345703
47,prog,60253806000,-0.6,0.0,0.0,0.357024,0.0,-0.0,1.1210553600000002,1.0,0.2656,5.364418029785156e-07,2.384185791015625e-07,-2.2136707305908203,-2.78550386428833,0.09128683805465698,-10.609657287597656
48,prog,60274712000,-0.6,0.0,0.0,0.390367,0.0,-0.0,1.2257523799999999,1.0,0.2656,6.556510925292969e-07,-7.748603820800781e-07,-2.5309159755706787,-2.745958089828491,0.13951390981674194,-10.673080444335938
49,prog,60302458000,-0.6,0.0,0.0,0.399489,0.0,-0.0,1.25439546,1.0,0.2656,-1.0132789611816406e-06,-4.76837158203125e-07,-2.9750027656555176,-2.6583805084228516,0.23835086822509766,-10.724748611450195
50,prog,60330218000,-0.6,0.0,0.0,0.376618,0.0,-0.0,1.1825805200000006,1.0,0.2656,1.1920928955078125e-07,-3.5762786865234375e-07,-3.222571611404419,-2.522371530532837,0.38175326585769653,-10.496772766113281
51,prog,60350978000,-0.6,0.0,0.0,0.316182,0.0,-0.0,0.9928114799999999,1.0,0.2656,1.1324882507324219e-06,-5.960464477539063e-08,-3.198338031768799,-2.3920440673828125,0.514640212059021,-10.25654411315918
52,prog,60378791000,-0.6,0.0,0.0,0.216977,0.0,-0.0,0.68130778,1.0,0.2656,6.556510925292969e-07,4.76837158203125e-07,-2.753936529159546,-2.203033447265625,0.7046412229537964,-10.055863380432129
53,prog,60406659000,-0.6,0.0,0.0,0.084381,0.0,-0.0,0.26495634000000035,1.0,0.2656,2.9802322387695312e-08,4.917383193969727e-07,-1.9508312940597534,-2.0372629165649414,0.8736984133720398,-10.156534194946289
54,prog,60427456000,-0.6,0.0,0.0,-0.067998,0.0,-0.0,-0.2135137199999999,1.0,0.2656,4.172325134277344e-07,2.60770320892334e-07,-1.2415111064910889,-1.9506011009216309,0.9664705395698547,-10.588522911071777
55,prog,60455153000,-0.6,0.0,0.0,-0.21813,0.0,-0.0,-0.6849281999999999,1.0,0.2656,2.9569491744041443e-08,1.6298145055770874e-09,0.02607695385813713,-1.9066048860549927,1.0201106071472168,-11.641504287719727
56,prog,60482927000,-0.6,0.0,0.0,-0.337731,0.0,-0.0,-1.06047534,1.0,0.2656,-1.341104507446289e-07,-2.682209014892578e-07,1.2998936176300049,-1.9622877836227417,0.9742732048034668,-12.211629867553711
57,prog,60503777000,-0.6,0.0,0.0,-0.397387,0.0,-0.0,-1.2477951799999998,1.0,0.2656,5.066394805908203e-07,2.384185791015625e-07,2.1122021675109863,-2.0630204677581787,0.8783140182495117,-12.405294418334961
58,prog,60531553000,-0.6,0.0,0.0,-0.374455,0.0,-0.0,-1.1757887,1.0,0.2656,-1.1026859283447266e-06,-4.172325134277344e-07,2.9924893379211426,-2.254859447479248,0.6875383257865906,-10.971592903137207
59,prog,60559418000,-0.6,0.0,0.0,-0.262308,0.0,-0.0,-0.82364712,1.0,0.2656,5.364418029785156e-07,-2.9802322387695312e-08,3.322261095046997,-2.4727792739868164,0.4694802165031433,-9.733622550964355
60,prog,60580153000,-0.6,0.0,0.0,-0.078036,0.0,-0.0,-0.24503304000000004,1.0,0.2656,0.0,-5.960464477539063e-08,2.9931790828704834,-2.6184422969818115,0.33031702041625977,-10.45785903930664
61,prog,60608004000,-0.6,0.0,0.0,0.13531,0.0,-0.0,0.42487340000000007,1.0,0.2656,2.682209014892578e-07,4.76837158203125e-07,1.7566006183624268,-2.750552177429199,0.22301658987998962,-12.77082347869873
62,prog,60635723000,-0.6,0.0,0.0,0.31558,0.0,-0.0,0.9909212000000003,1.0,0.2656,-5.587935447692871e-09,3.166496753692627e-08,-0.1831960380077362,-2.798081398010254,0.21517413854599,-14.202201843261719
63,prog,60663500000,-0.6,0.0,0.0,0.398872,0.0,-0.0,1.2524580799999998,1.0,0.2656,2.9802322387695312e-08,3.129243850708008e-07,-2.067007303237915,-2.7575321197509766,0.29388320446014404,-14.775285720825195
64,prog,60691397000,-0.6,0.0,0.0,0.344297,0.0,-0.0,1.0810925800000004,1.0,0.2656,8.046627044677734e-07,2.980232238769531e-07,-3.334129810333252,-2.6202664375305176,0.4531749486923218,-10.918652534484863
65,prog,60719218000,-0.6,0.0,0.0,0.157597,0.0,-0.0,0.49485458000000015,1.0,0.2656,-1.4901161193847656e-07,9.5367431640625e-07,-3.3422889709472656,-2.404623031616211,0.6690247058868408,-8.473299980163574
66,prog,60740049000,-0.6,0.0,0.0,-0.098715,0.0,-0.0,-0.3099650999999999,1.0,0.2656,9.5367431640625e-07,1.2218952178955078e-06,-2.386414051055908,-2.2458722591400146,0.8211002349853516,-12.078132629394531
67,prog,60767753000,-0.6,0.0,0.0,-0.319756,0.0,-0.0,-1.00403384,1.0,0.2656,-3.166496753692627e-07,-1.4901161193847656e-08,-0.39278385043144226,-2.1353838443756104,0.9262629747390747,-14.245893478393555
68,prog,60795629000,-0.6,0.0,0.0,-0.399396,0.0,-0.0,-1.25410344,1.0,0.2656,3.5762786865234375e-07,-5.960464477539062e-07,1.9734257459640503,-2.1949639320373535,0.8607773184776306,-15.738494873046875
69,prog,60816367000,-0.6,0.0,0.0,-0.285193,0.0,-0.0,-0.89550602,1.0,0.2656,-1.1324882507324219e-06,-8.642673492431641e-07,3.3393747806549072,-2.34434175491333,0.7023124694824219,-12.349991798400879
70,prog,60844225000,-0.6,0.0,0.0,-0.019627,0.0,-0.0,-0.06162877999999994,1.0,0.2656,-4.172325134277344e-07,7.748603820800781e-07,3.53940486907959,-2.5944466590881348,0.44903695583343506,-10.399761199951172
71,prog,60864974000,-0.6,0.0,0.0,0.263197,0.0,-0.0,0.8264385799999996,1.0,0.2656,-8.940696716308594e-08,-7.152557373046875e-07,2.457430839538574,-2.7373619079589844,0.32394877076148987,-13.264601707458496
72,prog,60892797000,-0.6,0.0,0.0,0.399211,0.0,-0.0,1.25352254,1.0,0.2656,-8.754432201385498e-08,-1.1175870895385742e-07,-0.13078875839710236,-2.816610336303711,0.294472336769104,-18.66111946105957
73,prog,60920535000,-0.6,0.0,0.0,0.292794,0.0,-0.0,0.9193731599999997,1.0,0.2656,9.5367431640625e-07,1.4901161193847656e-07,-2.8701236248016357,-2.747739315032959,0.41309455037117004,-18.001319885253906
74,prog,60941485000,-0.6,0.0,0.0,-0.005498,0.0,-0.0,-0.01726371999999987,1.0,0.2656,4.76837158203125e-07,1.3113021850585938e-06,-3.8683269023895264,-2.593061685562134,0.5809608697891235,-12.357465744018555
75,prog,60969240000,-0.6,0.0,0.0,-0.306067,0.0,-0.0,-0.9610503800000001,1.0,0.2656,-1.7881393432617188e-07,3.2782554626464844e-07,-2.6650636196136475,-2.3461363315582275,0.8130854368209839,-15.287223815917969
76,prog,60997021000,-0.6,0.0,0.0,-0.393491,0.0,-0.0,-1.23556174,1.0,0.2656,1.5832483768463135e-07,2.738088369369507e-07,0.21450310945510864,-2.242418050765991,0.8999949097633362,-20.577871322631836
77,prog,61024740000,-0.6,0.0,0.0,-0.187345,0.0,-0.0,-0.5882632999999999,1.0,0.2656,-1.1920928955078125e-07,2.980232238769531e-07,3.0933682918548584,-2.3694639205932617,0.7535830736160278,-17.338611602783203
78,prog,61052477000,-0.6,0.0,0.0,0.169601,0.0,-0.0,0.5325471400000006,1.0,0.2656,1.1920928955078125e-07,5.066394805908203e-07,3.7181897163391113,-2.6307528018951416,0.48269209265708923,-14.30327033996582
79,prog,61080308000,-0.6,0.0,0.0,0.39317,0.0,-0.0,1.2345538,1.0,0.2656,5.364418029785156e-07,1.1920928955078125e-07,1.4830784797668457,-2.8108344078063965,0.3395680785179138,-19.284494400024414
80,prog,61101092000,-0.6,0.0,0.0,0.282843,0.0,-0.0,0.8881270200000002,1.0,0.2656,6.109476089477539e-07,1.4901161193847656e-08,-0.9679703712463379,-2.8345420360565186,0.3619595170021057,-22.732229232788086
81,prog,61128913000,-0.6,0.0,0.0,-0.08246,0.0,-0.0,-0.2589243999999997,1.0,0.2656,1.0132789611816406e-06,2.384185791015625e-07,-3.3424980640411377,-2.7024619579315186,0.5323708653450012,-10.681934356689453
82,prog,61156727000,-0.6,0.0,0.0,-0.376086,0.0,-0.0,-1.1809100399999999,1.0,0.2656,5.364418029785156e-07,1.9371509552001953e-07,-2.4670448303222656,-2.4824790954589844,0.740707278251648,-16.70067596435547
83,prog,61177574000,-0.6,0.0,0.0,-0.30833,0.0,-0.0,-0.9681562000000001,1.0,0.2656,2.980232238769531e-07,4.470348358154297e-07,-0.3650815486907959,-2.39465594291687,0.8113559484481812,-20.830886840820312
84,prog,61205261000,-0.6,0.0,0.0,0.071864,0.0,-0.0,0.22565295999999968,1.0,0.2656,0.0,-6.556510925292969e-07,2.5569519996643066,-2.4775404930114746,0.7037538290023804,-15.001481056213379
85,prog,61233087000,-0.6,0.0,0.0,0.381322,0.0,-0.0,1.1973510800000002,1.0,0.2656,5.066394805908203e-07,-4.76837158203125e-07,2.591587781906128,-2.6847124099731445,0.49843457341194153,-16.411827087402344
86,prog,61253934000,-0.6,0.0,0.0,0.278929,0.0,-0.0,0.8758370599999998,1.0,0.2656,-2.086162567138672e-07,-1.1920928955078125e-07,0.7671045660972595,-2.7787864208221436,0.4362102150917053,-20.129615783691406
87,prog,61281684000,-0.6,0.0,0.0,-0.139735,0.0,-0.0,-0.43876789999999977,1.0,0.2656,3.2782554626464844e-07,-3.8743019104003906e-07,-2.0528817176818848,-2.746570110321045,0.5175543427467346,-13.925602912902832
88,prog,61309532000,-0.6,0.0,0.0,-0.399211,0.0,-0.0,-1.25352254,1.0,0.2656,-2.682209014892578e-07,3.427267074584961e-07,-2.189629316329956,-2.581050395965576,0.6878063678741455,-16.19254493713379
89,prog,61330343000,-0.6,0.0,0.0,-0.177561,0.0,-0.0,-0.5575415399999999,1.0,0.2656,-3.427267074584961e-07,8.940696716308594e-08,-0.43036848306655884,-2.499708890914917,0.7528095245361328,-19.86358642578125
90,prog,61358100000,-0.6,0.0,0.0,0.268624,0.0,-0.0,0.8434793599999999,1.0,0.2656,-6.854534149169922e-07,-6.854534149169922e-07,1.9497218132019043,-2.5625314712524414,0.6680086255073547,-11.725504875183105
91,prog,61385866000,-0.6,0.0,0.0,0.370816,0.0,-0.0,1.1643622400000004,1.0,0.2656,8.940696716308594e-08,-7.450580596923828e-07,1.773077368736267,-2.7143969535827637,0.5227973461151123,-13.874504089355469
92,prog,61406809000,-0.6,0.0,0.0,-0.02198,0.0,-0.0,-0.06901720000000022,1.0,0.2656,-3.271270543336868e-08,-1.2665987014770508e-07,0.007392970845103264,-2.771709442138672,0.4973183870315552,-19.106714248657227
93,prog,61434461000,-0.6,0.0,0.0,-0.387384,0.0,-0.0,-1.2163857599999999,1.0,0.2656,-5.960464477539063e-08,4.470348358154297e-08,-1.991865873336792,-2.697023391723633,0.6072588562965393,-15.923025131225586
94,prog,61455289000,-0.6,0.0,0.0,-0.204292,0.0,-0.0,-0.6414768799999999,1.0,0.2656,-2.8312206268310547e-07,7.450580596923828e-08,-1.2876148223876953,-2.601120948791504,0.6964772939682007,-15.802818298339844
95,prog,61483088000,-0.6,0.0,0.0,0.27935,0.0,-0.0,0.8771590000000002,1.0,0.2656,-2.5331974029541016e-07,-3.129243850708008e-07,0.9040977358818054,-2.5812478065490723,0.6951510906219482,-10.935712814331055
96,prog,61511047000,-0.6,0.0,0.0,0.344297,0.0,-0.0,1.0810925800000004,1.0,0.2656,8.940696716308594e-08,-3.725290298461914e-07,1.6147258281707764,-2.693154811859131,0.5865955948829651,-13.268298149108887
97,prog,61531816000,-0.6,0.0,0.0,-0.124913,0.0,-0.0,-0.3922268200000003,1.0,0.2656,-5.774199962615967e-08,-1.8067657947540283e-07,0.16704358160495758,-2.7512948513031006,0.5480401515960693,-17.835948944091797
98,prog,61566489000,-0.6,0.0,0.0,-0.396944,0.0,-0.0,-1.24640416,1.0,0.2656,2.980232238769531e-07,6.109476089477539e-07,-2.1735615730285645,-2.643785238265991,0.6957005262374878,-15.846562385559082
99,prog,61594296000,-0.6,0.0,0.0,-0.019039,0.0,-0.0,-0.05978246000000009,1.0,0.2656,-1.043081283569336e-07,2.4959444999694824e-07,-0.40858522057533264,-2.5277395248413086,0.7955799102783203,-19.080480575561523
100,prog,61615114000,-0.6,0.0,0.0,0.392314,0.0,-0.0,1.23186596,1.0,0.2656,-4.023313522338867e-07,-1.341104507446289e-07,1.0675065517425537,-2.550145149230957,0.7605694532394409,-10.081559181213379
101,prog,61642951000,-0.6,0.0,0.0,0.126777,0.0,-0.0,0.39807977999999977,1.0,0.2656,1.4901161193847656e-08,-1.1175870895385742e-07,0.6917829513549805,-2.639019250869751,0.6835331916809082,-13.142340660095215
102,prog,61663799000,-0.6,0.0,0.0,-0.364237,0.0,-0.0,-1.1437041799999998,1.0,0.2656,6.705522537231445e-08,-1.0058283805847168e-07,-0.4735713601112366,-2.648739814758301,0.6943687200546265,-8.235854148864746
103,prog,61691645000,-0.6,0.0,0.0,-0.194248,0.0,-0.0,-0.6099387200000002,1.0,0.2656,4.470348358154297e-08,-7.450580596923828e-09,-0.7622675895690918,-2.5879039764404297,0.7663478851318359,-13.04689884185791
104,prog,61719373000,-0.6,0.0,0.0,0.337731,0.0,-0.0,1.0604753400000004,1.0,0.2656,1.4901161193847656e-08,-9.685754776000977e-08,0.9608771204948425,-2.5914433002471924,0.7486902475357056,-10.890716552734375
105,prog,61740133000,-0.6,0.0,0.0,0.226293,0.0,-0.0,0.7105600200000004,1.0,0.2656,-2.2351741790771484e-07,-2.2351741790771484e-07,1.2081736326217651,-2.664750576019287,0.6772192716598511,-13.230217933654785
106,prog,61767894000,-0.6,0.0,0.0,-0.326808,0.0,-0.0,-1.0261771199999998,1.0,0.2656,9.685754776000977e-08,-1.1175870895385742e-07,-0.6340110301971436,-2.7012574672698975,0.6723899841308594,-12.600152015686035
107,prog,61788733000,-0.6,0.0,0.0,-0.227586,0.0,-0.0,-0.7146200400000002,1.0,0.2656,-1.341104507446289e-07,1.7881393432617188e-07,-1.6831090450286865,-2.6339662075042725,0.7575147151947021,-11.044660568237305
108,prog,61816487000,-0.6,0.0,0.0,0.336037,0.0,-0.0,1.0551561799999996,1.0,0.2656,-1.341104507446289e-07,2.384185791015625e-07,-0.25130993127822876,-2.5406126976013184,0.8406394720077515,-16.160018920898438
109,prog,61844377000,-0.6,0.0,0.0,0.198354,0.0,-0.0,0.6228315599999998,1.0,0.2656,2.8312206268310547e-07,1.1175870895385742e-07,1.1258164644241333,-2.5948128700256348,0.7775708436965942,-14.09703540802002
110,prog,61865169000,-0.6,0.0,0.0,-0.361596,0.0,-0.0,-1.13541144,1.0,0.2656,3.2223761081695557e-07,-8.754432201385498e-08,0.08658582717180252,-2.640183210372925,0.7490558624267578,-14.375466346740723
111,prog,61892989000,-0.6,0.0,0.0,-0.134201,0.0,-0.0,-0.4213911399999999,1.0,0.2656,1.2665987014770508e-07,1.9371509552001953e-07,-0.8335880637168884,-2.597905158996582,0.8113106489181519,-13.361593246459961
112,prog,61920681000,-0.6,0.0,0.0,0.390367,0.0,-0.0,1.2257523799999999,1.0,0.2656,-1.1920928955078125e-07,-3.166496753692627e-07,0.5188639760017395,-2.5826892852783203,0.8170150518417358,-9.355676651000977
113,prog,61941636000,-0.6,0.0,0.0,0.030013,0.0,-0.0,0.09424082,1.0,0.2656,-2.2351741790771484e-07,-3.650784492492676e-07,1.0028815269470215,-2.6340837478637695,0.7641326189041138,-9.397920608520508
114,prog,61969287000,-0.6,0.0,0.0,-0.398298,0.0,-0.0,-1.2506557200000001,1.0,0.2656,7.450580596923828e-08,8.940696716308594e-08,-0.463236004114151,-2.667982339859009,0.7564512491226196,-13.145162582397461
115,prog,61997113000,-0.6,0.0,0.0,0.111408,0.0,-0.0,0.34982111999999965,1.0,0.2656,-4.842877388000488e-08,8.568167686462402e-08,-0.41976264119148254,-2.6169068813323975,0.8135035037994385,-13.212945938110352
116,prog,62017931000,-0.6,0.0,0.0,0.352025,0.0,-0.0,1.1053585,1.0,0.2656,7.450580596923828e-08,-2.5331974029541016e-07,0.7786870002746582,-2.6292128562927246,0.7921945452690125,-15.004300117492676
117,prog,62045724000,-0.6,0.0,0.0,-0.266727,0.0,-0.0,-0.83752278,1.0,0.2656,1.1734664440155029e-07,-1.0989606380462646e-07,0.12792257964611053,-2.682849884033203,0.7520619630813599,-12.692397117614746
118,prog,62073478000,-0.6,0.0,0.0,-0.220265,0.0,-0.0,-0.6916320999999996,1.0,0.2656,4.023313522338867e-07,3.501772880554199e-07,-1.1674449443817139,-2.6304502487182617,0.8282924890518188,-14.642783164978027
119,prog,62101319000,-0.6,0.0,0.0,0.381794,0.0,-0.0,1.19883316,1.0,0.2656,-7.82310962677002e-08,1.4901161193847656e-08,0.42412590980529785,-2.5862154960632324,0.8591808080673218,-13.870656967163086
120,prog,62129065000,-0.6,0.0,0.0,-0.0,0.0,-0.0,0.0,1.0,0.2656,1.4901161193847656e-08,-5.066394805908203e-07,1.3931087255477905,-2.6796841621398926,0.7590237855911255,-12.755841255187988
121,prog,62156798000,-0.6,0.0,0.0,-0.379003,0.0,-0.0,-1.19006942,1.0,0.2656,2.421438694000244e-08,-1.043081283569336e-07,0.12590375542640686,-2.745528221130371,0.7140170335769653,-5.253232955932617
122,prog,62177788000,-0.6,0.0,0.0,0.249484,0.0,-0.0,0.7833797600000003,1.0,0.2656,1.862645149230957e-08,-5.587935447692871e-08,0.11170732975006104,-2.7446987628936768,0.7194371819496155,-12.2498779296875
123,prog,62205422000,-0.6,0.0,0.0,0.201076,0.0,-0.0,0.6313786400000003,1.0,0.2656,-4.023313522338867e-07,-3.8743019104003906e-07,1.053309440612793,-2.802457809448242,0.6534562110900879,-14.339247703552246
124,prog,62233189000,-0.6,0.0,0.0,-0.39644,0.0,-0.0,-1.2448216,1.0,0.2656,-2.3096799850463867e-07,-1.1175870895385742e-07,-0.5229132771492004,-2.8354554176330566,0.6468074321746826,-11.157721519470215
125,prog,62254095000,-0.6,0.0,0.0,0.111408,0.0,-0.0,0.34982111999999965,1.0,0.2656,7.450580596923828e-08,7.450580596923828e-09,-1.0136618614196777,-2.7834229469299316,0.7085626721382141,-12.758856773376465
126,prog,62281834000,-0.6,0.0,0.0,0.300563,0.0,-0.0,0.9437678200000001,1.0,0.2656,8.847564458847046e-08,1.257285475730896e-07,-0.08044461905956268,-2.7467427253723145,0.7362140417098999,-12.069649696350098
